Player,Pos,Age,Tm,G,GS,MP,FG,FGA,FG%,3P,3PA,3P%,2P,2PA,2P%,eFG%,FT,FTA,FT%,ORB,DRB,TRB,AST,STL,BLK,TOV,PF,PTS
Precious Achiuwa,PF,22,TOR,4,4,26.3,4.3,10.5,.405,0.5,1.3,.400,3.8,9.3,.405,.429,1.5,2.8,.545,2.8,8.5,11.3,1.8,0.5,0.0,1.0,2.3,10.5
Steven Adams,C,28,MEM,3,3,30.7,5.7,9.0,.630,0.0,0.0,,5.7,9.0,.630,.630,1.7,1.7,1.000,6.3,6.7,13.0,4.7,1.0,0.3,2.3,1.7,13.0
Bam Adebayo,C,24,MIA,3,3,30.7,6.3,12.3,.514,0.0,0.0,,6.3,12.3,.514,.514,5.0,6.3,.789,3.0,11.0,14.0,2.0,1.0,0.3,2.7,2.7,17.7
LaMarcus Aldridge,C,36,BRK,3,0,20.0,4.7,7.0,.667,0.0,0.3,.000,4.7,6.7,.700,.667,1.7,2.7,.625,1.7,3.7,5.3,0.3,0.3,1.7,1.0,2.3,11.0
Nickeil Alexander-Walker,SG,23,NOP,4,4,33.0,6.3,16.3,.385,2.8,9.0,.306,3.5,7.3,.483,.469,2.0,2.3,.889,2.3,5.5,7.8,1.8,2.0,0.8,2.5,1.5,17.3
Grayson Allen,SG,26,MIL,4,4,28.5,4.3,10.8,.395,2.8,8.8,.314,1.5,2.0,.750,.523,2.0,2.0,1.000,0.0,4.0,4.0,2.0,1.0,0.3,0.5,1.3,13.3
Jarrett Allen,C,23,CLE,4,4,31.3,7.8,9.3,.838,0.0,0.0,,7.8,9.3,.838,.838,1.5,2.5,.600,1.8,7.8,9.5,1.3,1.3,0.8,1.5,1.8,17.0
Kyle Anderson,PF,28,MEM,3,0,19.3,1.7,8.0,.208,0.7,2.7,.250,1.0,5.3,.188,.250,1.3,1.3,1.000,1.3,4.0,5.3,1.7,1.0,0.7,0.0,1.3,5.3
Giannis Antetokounmpo,PF,27,MIL,4,4,30.0,8.3,17.3,.478,0.8,2.8,.273,7.5,14.5,.517,.500,7.3,10.0,.725,1.8,8.8,10.5,6.5,1.3,1.8,3.3,3.3,24.5
Thanasis Antetokounmpo,SF,29,MIL,4,1,17.8,2.5,3.8,.667,0.0,0.0,,2.5,3.8,.667,.667,1.0,1.3,.800,1.8,2.8,4.5,1.0,0.5,0.3,1.3,3.0,6.0
Carmelo Anthony,PF,37,LAL,4,0,27.3,4.8,10.5,.452,3.0,5.5,.545,1.8,5.0,.350,.595,1.8,2.0,.875,1.0,3.0,4.0,1.0,0.3,0.8,1.3,2.3,14.3
Cole Anthony,PG,21,ORL,4,4,32.0,5.0,13.8,.364,2.3,7.0,.321,2.8,6.8,.407,.445,3.0,3.8,.800,0.5,7.5,8.0,5.8,1.0,0.0,2.8,2.8,15.3
OG Anunoby,SF,24,TOR,4,4,34.5,6.0,16.5,.364,2.8,7.8,.355,3.3,8.8,.371,.447,2.8,3.0,.917,2.5,4.0,6.5,2.3,1.5,0.8,2.0,3.0,17.5
D.J. Augustin,PG,34,HOU,4,0,11.8,1.0,2.8,.364,0.8,1.8,.429,0.3,1.0,.250,.500,0.0,0.0,,0.0,0.0,0.0,2.0,0.3,0.0,1.3,0.8,2.8
Deni Avdija,SF,21,WAS,3,0,19.0,1.3,4.0,.333,0.3,2.0,.167,1.0,2.0,.500,.375,1.0,1.3,.750,1.0,4.3,5.3,1.3,0.7,1.0,0.7,1.7,4.0
Joel Ayayi,SG,21,WAS,1,0,4.0,0.0,0.0,,0.0,0.0,,0.0,0.0,,,0.0,0.0,,0.0,0.0,0.0,0.0,0.0,0.0,0.0,0.0,0.0
Deandre Ayton,C,23,PHO,3,3,30.3,4.3,8.7,.500,0.3,1.0,.333,4.0,7.7,.522,.519,1.3,2.0,.667,2.3,5.7,8.0,1.7,1.0,0.7,1.0,2.3,10.3
Marvin Bagley III,PF,22,SAC,1,0,10.0,1.0,2.0,.500,0.0,0.0,,1.0,2.0,.500,.500,0.0,0.0,,0.0,4.0,4.0,0.0,0.0,0.0,1.0,1.0,2.0
LaMelo Ball,PG,20,CHO,4,4,29.3,8.5,18.0,.472,4.0,8.0,.500,4.5,10.0,.450,.583,1.8,1.8,1.000,0.5,5.0,5.5,6.8,1.8,0.3,2.8,3.8,22.8
Lonzo Ball,PG,24,CHI,4,4,36.0,5.3,11.5,.457,3.3,7.5,.433,2.0,4.0,.500,.598,0.5,0.5,1.000,1.3,4.5,5.8,5.0,2.0,1.8,2.5,1.3,14.3
Mo Bamba,C,23,ORL,4,4,30.8,4.8,9.0,.528,1.8,4.5,.389,3.0,4.5,.667,.625,2.3,3.5,.643,2.3,5.8,8.0,1.8,1.0,1.8,2.3,3.5,13.5
Desmond Bane,SG,23,MEM,3,3,30.3,7.3,15.3,.478,2.7,7.7,.348,4.7,7.7,.609,.565,2.0,2.3,.857,0.3,4.3,4.7,3.0,1.3,0.3,1.7,2.7,19.3
Dalano Banton,SF,22,TOR,4,0,7.3,1.0,2.3,.444,0.3,0.5,.500,0.8,1.8,.429,.500,0.5,0.5,1.000,0.0,1.8,1.8,0.8,0.5,0.0,0.3,0.3,2.8
Harrison Barnes,PF,29,SAC,3,3,36.7,8.7,17.3,.500,5.0,9.0,.556,3.7,8.3,.440,.644,6.0,7.7,.783,3.3,7.0,10.3,1.7,1.0,0.0,2.0,0.3,28.3
Scottie Barnes,SF,20,TOR,4,4,34.3,7.0,12.5,.560,0.3,1.5,.167,6.8,11.0,.614,.570,2.5,3.5,.714,3.5,5.0,8.5,1.3,0.5,0.3,3.3,3.3,16.8
RJ Barrett,SF,21,NYK,4,4,34.3,4.5,11.5,.391,1.5,5.8,.261,3.0,5.8,.522,.457,1.5,2.5,.600,0.5,5.3,5.8,2.8,0.5,0.8,2.0,3.0,12.0
Will Barton,SF,31,DEN,4,4,33.5,6.8,13.0,.519,2.0,4.8,.421,4.8,8.3,.576,.596,0.8,1.5,.500,0.5,4.3,4.8,3.8,1.0,0.8,1.5,1.3,16.3
Charles Bassey,PF,21,PHI,2,0,2.0,1.0,1.5,.667,0.0,0.5,.000,1.0,1.0,1.000,.667,0.0,0.0,,0.5,0.5,1.0,0.0,0.0,0.0,0.0,0.0,2.0
Keita Bates-Diop,SF,26,SAS,3,0,14.0,2.0,3.7,.545,0.3,1.0,.333,1.7,2.7,.625,.591,0.0,0.0,,0.0,3.0,3.0,0.0,0.7,0.0,1.0,1.3,4.3
Nicolas Batum,SF,33,LAC,2,1,22.5,1.5,4.0,.375,0.5,3.0,.167,1.0,1.0,1.000,.438,0.0,0.0,,0.0,5.5,5.5,1.5,1.0,1.0,1.0,1.0,3.5
Kent Bazemore,SF,32,LAL,4,4,28.3,2.3,5.8,.391,1.5,4.0,.375,0.8,1.8,.429,.522,1.0,1.5,.667,0.0,2.0,2.0,0.5,0.8,0.5,0.8,3.5,7.0
Darius Bazley,PF,21,OKC,4,4,25.0,3.3,9.8,.333,0.3,4.0,.063,3.0,5.8,.522,.346,2.0,3.0,.667,0.5,5.8,6.3,1.8,0.5,1.0,1.0,0.5,8.8
Bradley Beal,SG,28,WAS,2,2,33.0,7.5,20.5,.366,2.0,9.5,.211,5.5,11.0,.500,.415,4.0,4.0,1.000,0.0,3.0,3.0,4.0,2.0,0.0,4.5,1.5,21.0
Malik Beasley,SG,25,MIN,3,0,22.7,2.7,7.0,.381,0.7,4.0,.167,2.0,3.0,.667,.429,0.7,1.3,.500,0.3,1.7,2.0,2.0,1.0,0.7,0.3,0.7,6.7
DeAndre' Bembry,SF,27,BRK,3,0,7.7,1.0,1.7,.600,0.0,0.0,,1.0,1.7,.600,.600,0.3,0.3,1.000,0.3,0.7,1.0,0.3,0.7,0.3,0.3,0.7,2.3
Dāvis Bertāns,PF,29,WAS,3,0,19.0,1.7,6.0,.278,1.3,4.7,.286,0.3,1.3,.250,.389,1.0,1.0,1.000,0.3,1.3,1.7,1.0,0.3,0.0,0.3,2.0,5.7
Patrick Beverley,PG,33,MIN,2,0,21.0,3.0,6.0,.500,2.5,5.0,.500,0.5,1.0,.500,.708,0.5,1.0,.500,0.5,2.0,2.5,4.0,1.0,1.0,0.5,2.5,9.0
Saddiq Bey,SF,22,DET,3,3,33.3,7.3,15.7,.468,1.3,5.7,.235,6.0,10.0,.600,.511,2.0,2.3,.857,2.0,8.7,10.7,2.7,1.0,0.3,2.3,2.0,18.0
Khem Birch,C,29,TOR,4,0,20.8,2.3,4.0,.563,0.0,0.5,.000,2.3,3.5,.643,.563,2.0,2.5,.800,3.0,2.0,5.0,0.8,0.5,0.0,1.0,1.0,6.5
Goga Bitadze,C,22,IND,1,0,18.0,2.0,8.0,.250,1.0,3.0,.333,1.0,5.0,.200,.313,2.0,2.0,1.000,7.0,2.0,9.0,1.0,2.0,0.0,2.0,5.0,7.0
Nemanja Bjelica,PF,33,GSW,4,0,15.0,2.5,4.5,.556,0.3,0.8,.333,2.3,3.8,.600,.583,1.0,1.0,1.000,1.3,4.3,5.5,1.3,0.5,0.0,0.8,1.0,6.3
Eric Bledsoe,SG,32,LAC,3,3,28.3,5.0,11.7,.429,0.7,3.3,.200,4.3,8.3,.520,.457,3.0,4.3,.692,2.0,2.7,4.7,5.3,2.0,1.0,2.0,2.7,13.7
Bogdan Bogdanović,SG,29,ATL,3,3,26.0,3.7,8.0,.458,2.0,4.7,.429,1.7,3.3,.500,.583,0.7,0.7,1.000,0.3,2.3,2.7,1.7,0.7,0.0,0.7,2.0,10.0
Bojan Bogdanović,SF,32,UTA,3,3,30.3,6.7,14.0,.476,1.7,5.3,.313,5.0,8.7,.577,.536,1.7,2.0,.833,1.0,2.7,3.7,1.0,1.0,0.0,1.3,1.0,16.7
Bol Bol,PF,22,DEN,1,0,3.0,1.0,2.0,.500,0.0,0.0,,1.0,2.0,.500,.500,0.0,0.0,,0.0,1.0,1.0,0.0,0.0,0.0,0.0,0.0,2.0
Leandro Bolmaro,SF,21,MIN,1,0,5.0,0.0,1.0,.000,0.0,0.0,,0.0,1.0,.000,.000,2.0,2.0,1.000,0.0,0.0,0.0,0.0,0.0,0.0,1.0,0.0,2.0
Isaac Bonga,SF,22,TOR,2,0,3.0,0.5,0.5,1.000,0.0,0.0,,0.5,0.5,1.000,1.000,0.0,0.0,,0.5,0.5,1.0,1.0,0.5,0.0,0.0,0.5,1.0
Devin Booker,SG,25,PHO,3,3,30.7,7.0,17.7,.396,2.0,6.0,.333,5.0,11.7,.429,.453,2.3,2.7,.875,1.0,3.3,4.3,4.0,1.0,0.0,2.3,2.3,18.3
Brandon Boston Jr.,SG,20,LAC,1,0,9.0,1.0,3.0,.333,0.0,0.0,,1.0,3.0,.333,.333,1.0,2.0,.500,0.0,1.0,1.0,1.0,0.0,0.0,0.0,1.0,3.0
Chris Boucher,C,29,TOR,4,0,12.5,2.0,7.5,.267,0.8,4.3,.176,1.3,3.3,.385,.317,0.5,0.5,1.000,1.3,3.3,4.5,0.3,0.8,1.3,0.8,0.5,5.3
James Bouknight,SG,21,CHO,2,0,1.0,0.0,0.0,,0.0,0.0,,0.0,0.0,,,0.0,0.0,,0.0,0.5,0.5,0.0,0.0,0.0,0.0,0.0,0.0
Avery Bradley,SG,31,LAL,3,0,10.3,0.7,2.0,.333,0.7,1.7,.400,0.0,0.3,.000,.500,0.0,0.0,,0.3,0.0,0.3,0.3,0.0,0.0,0.3,1.3,2.0
Tony Bradley,C,24,CHI,1,0,2.0,1.0,1.0,1.000,0.0,0.0,,1.0,1.0,1.000,1.000,0.0,0.0,,0.0,1.0,1.0,0.0,0.0,1.0,1.0,2.0,2.0
Ignas Brazdeikis,SF,23,ORL,4,0,9.8,0.3,2.5,.100,0.0,1.8,.000,0.3,0.8,.333,.100,0.0,0.0,,0.3,1.0,1.3,0.8,0.3,0.0,0.3,1.0,0.5
Mikal Bridges,SF,25,PHO,3,3,31.3,6.7,12.0,.556,2.7,5.0,.533,4.0,7.0,.571,.667,1.0,2.0,.500,0.7,3.3,4.0,1.3,1.3,0.7,0.7,1.7,17.0
Miles Bridges,PF,23,CHO,4,4,35.3,9.3,17.5,.529,2.5,7.0,.357,6.8,10.5,.643,.600,4.0,4.3,.941,2.5,6.0,8.5,2.3,2.3,0.5,1.5,3.0,25.0
Oshae Brissett,SF,23,IND,3,0,20.7,2.7,5.7,.471,1.3,3.3,.400,1.3,2.3,.571,.588,0.3,1.0,.333,1.0,4.0,5.0,1.0,0.3,0.0,1.3,2.0,7.0
Malcolm Brogdon,PG,29,IND,4,4,40.8,8.8,20.5,.427,1.8,6.3,.280,7.0,14.3,.491,.470,5.5,5.8,.957,1.3,6.3,7.5,7.5,0.5,1.0,3.8,2.8,24.8
Armoni Brooks,SG,23,HOU,2,0,7.0,2.0,3.5,.571,1.0,2.5,.400,1.0,1.0,1.000,.714,1.0,1.0,1.000,0.0,0.0,0.0,0.5,0.0,0.0,0.0,0.5,6.0
Bruce Brown,SF,25,BRK,3,1,20.3,3.0,6.3,.474,0.3,1.7,.200,2.7,4.7,.571,.500,1.0,1.3,.750,0.7,3.0,3.7,0.0,0.3,1.0,0.7,1.0,7.3
Greg Brown III,SF,20,POR,2,0,7.5,2.0,5.0,.400,0.0,1.5,.000,2.0,3.5,.571,.400,0.0,1.5,.000,1.5,2.5,4.0,1.0,0.0,0.0,1.0,1.5,4.0
Jaylen Brown,SG,25,BOS,3,3,37.3,10.3,21.0,.492,3.7,9.3,.393,6.7,11.7,.571,.579,4.0,5.3,.750,1.0,6.3,7.3,3.0,2.0,0.7,4.0,3.3,28.3
Moses Brown,C,22,DAL,1,0,3.0,1.0,1.0,1.000,0.0,0.0,,1.0,1.0,1.000,1.000,1.0,2.0,.500,0.0,0.0,0.0,0.0,0.0,2.0,0.0,0.0,3.0
Sterling Brown,SG,26,DAL,3,0,9.7,0.3,3.3,.100,0.3,3.0,.111,0.0,0.3,.000,.150,0.0,0.0,,0.7,2.3,3.0,0.3,0.0,0.0,1.0,1.3,1.0
Troy Brown Jr.,SF,22,CHI,4,0,12.0,1.8,4.0,.438,0.8,1.8,.429,1.0,2.3,.444,.531,0.3,0.5,.500,0.5,0.5,1.0,0.5,0.3,0.0,0.3,1.8,4.5
Jalen Brunson,PG,25,DAL,3,0,25.7,4.3,10.0,.433,1.7,3.7,.455,2.7,6.3,.421,.517,0.7,0.7,1.000,1.0,3.3,4.3,6.0,0.7,0.0,1.0,2.7,11.0
Reggie Bullock,SF,30,DAL,3,0,16.7,2.3,6.0,.389,1.7,4.7,.357,0.7,1.3,.500,.528,0.3,0.7,.500,0.3,2.3,2.7,0.3,0.0,0.0,0.3,1.0,6.7
Trey Burke,PG,29,DAL,2,0,6.5,1.0,2.0,.500,0.5,1.0,.500,0.5,1.0,.500,.625,0.0,0.0,,0.0,0.5,0.5,1.5,0.0,0.0,0.5,0.0,2.5
Alec Burks,SG,30,NYK,4,0,19.0,2.8,7.3,.379,1.8,5.0,.350,1.0,2.3,.444,.500,1.3,1.5,.833,0.0,3.0,3.0,2.5,0.8,0.3,0.3,0.8,8.5
Jared Butler,SG,21,UTA,3,0,4.3,0.0,2.0,.000,0.0,1.3,.000,0.0,0.7,.000,.000,0.0,0.0,,0.0,0.3,0.3,0.3,0.0,0.3,0.3,1.0,0.0
Jimmy Butler,SF,32,MIA,3,3,34.0,9.3,17.7,.528,0.3,1.0,.333,9.0,16.7,.540,.538,6.3,7.3,.864,1.3,3.0,4.3,4.7,3.0,0.0,2.0,3.0,25.3
Kentavious Caldwell-Pope,SG,28,WAS,3,3,29.0,3.0,7.3,.409,1.3,4.3,.308,1.7,3.0,.556,.500,0.3,0.3,1.000,0.0,2.3,2.3,1.0,0.7,0.0,0.7,2.0,7.7
Facundo Campazzo,PG,30,DEN,4,0,18.8,1.3,4.0,.313,0.3,2.0,.125,1.0,2.0,.500,.344,0.8,1.0,.750,0.3,2.5,2.8,3.0,1.3,0.3,1.0,1.8,3.5
Clint Capela,C,27,ATL,3,3,24.7,4.3,7.0,.619,0.0,0.0,,4.3,7.0,.619,.619,0.0,1.0,.000,3.3,8.3,11.7,0.3,0.7,1.7,0.7,2.0,8.7
Vernon Carey Jr.,C,20,CHO,1,0,1.0,0.0,1.0,.000,0.0,0.0,,0.0,1.0,.000,.000,0.0,0.0,,0.0,1.0,1.0,0.0,0.0,0.0,0.0,0.0,0.0
Jevon Carter,PG,26,BRK,4,1,20.5,0.5,3.5,.143,0.5,2.3,.222,0.0,1.3,.000,.214,0.0,0.0,,0.3,1.8,2.0,1.0,0.5,0.5,0.3,2.0,1.5
Wendell Carter Jr.,C,22,ORL,4,4,27.0,4.0,8.0,.500,1.0,3.3,.308,3.0,4.8,.632,.563,1.8,2.0,.875,2.0,7.3,9.3,1.8,0.8,1.5,1.3,2.3,10.8
Alex Caruso,PG,27,CHI,4,0,27.5,2.5,5.0,.500,1.0,1.5,.667,1.5,3.5,.429,.600,2.0,2.3,.889,0.5,1.5,2.0,3.0,3.3,0.8,2.0,2.5,8.0
Willie Cauley-Stein,C,28,DAL,3,0,7.0,0.3,1.3,.250,0.0,0.0,,0.3,1.3,.250,.250,0.0,0.0,,0.3,2.3,2.7,0.0,0.7,0.0,0.3,0.0,0.7
Justin Champagnie,SF,20,TOR,1,0,3.0,0.0,0.0,,0.0,0.0,,0.0,0.0,,,0.0,0.0,,0.0,1.0,1.0,0.0,0.0,0.0,0.0,0.0,0.0
Chris Chiozza,PG,26,GSW,1,0,5.0,0.0,2.0,.000,0.0,1.0,.000,0.0,1.0,.000,.000,0.0,0.0,,0.0,0.0,0.0,1.0,1.0,0.0,0.0,1.0,0.0
Josh Christopher,SG,20,HOU,3,0,5.0,1.0,2.3,.429,0.3,0.7,.500,0.7,1.7,.400,.500,0.7,0.7,1.000,0.3,0.7,1.0,0.3,1.0,0.0,1.0,0.3,3.0
Brandon Clarke,PF,25,MEM,3,0,15.0,2.0,4.0,.500,0.0,0.3,.000,2.0,3.7,.545,.500,0.3,0.7,.500,1.3,3.0,4.3,1.3,0.0,0.7,0.3,2.0,4.3
Jordan Clarkson,SG,29,UTA,3,0,24.7,6.3,15.0,.422,2.3,9.0,.259,4.0,6.0,.667,.500,2.3,2.3,1.000,1.0,2.0,3.0,1.3,0.7,0.0,1.3,2.0,17.3
Nicolas Claxton,C,22,BRK,4,3,19.0,2.8,5.0,.550,0.0,0.0,,2.8,5.0,.550,.550,1.0,2.3,.444,0.8,4.8,5.5,0.8,0.0,1.0,0.8,1.3,6.5
Amir Coffey,SG,24,LAC,2,0,13.5,0.5,3.0,.167,0.5,2.5,.200,0.0,0.5,.000,.250,3.5,3.5,1.000,0.0,0.5,0.5,0.5,0.0,0.0,0.0,1.5,5.0
John Collins,PF,24,ATL,3,3,27.0,6.3,11.0,.576,1.0,3.0,.333,5.3,8.0,.667,.621,1.0,2.3,.429,1.7,7.7,9.3,2.0,1.7,1.3,2.0,4.0,14.7
Mike Conley,PG,34,UTA,3,3,29.0,5.0,11.0,.455,2.7,6.0,.444,2.3,5.0,.467,.576,1.3,1.3,1.000,0.0,1.3,1.3,4.0,2.0,0.3,2.0,2.0,14.0
Pat Connaughton,SG,29,MIL,4,2,31.5,5.3,9.3,.568,2.5,6.0,.417,2.8,3.3,.846,.703,0.8,1.0,.750,0.8,4.5,5.3,2.0,0.8,0.3,0.8,1.3,13.8
Sharife Cooper,PG,20,ATL,2,0,3.5,0.0,1.5,.000,0.0,1.0,.000,0.0,0.5,.000,.000,0.0,0.0,,0.0,0.0,0.0,1.0,0.0,0.0,0.5,0.0,0.0
Petr Cornelie,PF,26,DEN,1,0,3.0,0.0,0.0,,0.0,0.0,,0.0,0.0,,,0.0,0.0,,0.0,0.0,0.0,0.0,0.0,0.0,0.0,0.0,0.0
Robert Covington,PF,31,POR,3,3,26.7,1.7,5.3,.313,1.3,4.3,.308,0.3,1.0,.333,.438,0.0,0.0,,0.3,5.0,5.3,0.3,1.3,1.0,1.7,1.3,4.7
Torrey Craig,SF,31,IND,4,0,14.3,0.5,2.5,.200,0.3,2.0,.125,0.3,0.5,.500,.250,0.5,0.5,1.000,1.3,1.8,3.0,1.3,0.3,0.5,0.3,2.0,1.8
Jae Crowder,PF,31,PHO,3,3,27.7,2.3,7.3,.318,0.7,5.0,.133,1.7,2.3,.714,.364,2.0,2.3,.857,0.7,5.3,6.0,1.0,0.7,0.0,1.3,2.0,7.3
Seth Curry,SG,31,PHI,4,4,31.8,6.0,9.5,.632,3.3,5.3,.619,2.8,4.3,.647,.803,1.0,1.5,.667,0.5,2.3,2.8,1.5,0.5,0.5,1.3,1.0,16.3
Stephen Curry,PG,33,GSW,4,4,35.3,9.0,20.8,.434,4.5,11.3,.400,4.5,9.5,.474,.542,6.5,6.8,.963,0.8,7.5,8.3,6.3,1.8,0.5,4.3,1.3,29.0
Anthony Davis,PF,28,LAL,4,4,38.3,11.0,22.5,.489,0.5,3.3,.154,10.5,19.3,.545,.500,5.5,7.8,.710,4.3,8.3,12.5,2.8,0.5,3.0,1.8,1.5,28.0
Terence Davis,SG,24,SAC,3,1,15.0,1.7,6.7,.250,0.7,4.7,.143,1.0,2.0,.500,.300,0.0,0.0,,0.3,1.3,1.7,1.3,0.7,0.0,0.7,3.0,4.0
Gabriel Deck,PF,26,OKC,1,0,9.0,0.0,2.0,.000,0.0,1.0,.000,0.0,1.0,.000,.000,0.0,0.0,,0.0,0.0,0.0,1.0,0.0,0.0,0.0,0.0,0.0
Dewayne Dedmon,C,32,MIA,3,0,15.3,2.0,3.0,.667,0.3,0.3,1.000,1.7,2.7,.625,.722,0.7,0.7,1.000,2.0,4.7,6.7,0.7,0.7,0.3,1.3,2.7,5.0
DeMar DeRozan,PF,32,CHI,4,4,34.8,7.8,18.5,.419,0.8,2.0,.375,7.0,16.5,.424,.439,6.3,7.5,.833,0.8,5.0,5.8,4.5,0.8,0.5,1.5,2.0,22.5
Hamidou Diallo,SG,23,DET,3,0,13.3,1.7,4.0,.417,0.0,1.3,.000,1.7,2.7,.625,.417,1.3,1.3,1.000,0.0,0.7,0.7,1.0,0.7,0.3,0.3,1.3,4.7
Gorgui Dieng,C,32,ATL,3,0,16.3,2.7,4.3,.615,1.0,1.3,.750,1.7,3.0,.556,.731,0.3,0.7,.500,2.3,6.3,8.7,1.7,0.3,0.7,1.0,2.3,6.7
Spencer Dinwiddie,SG,28,WAS,3,3,29.0,6.7,15.7,.426,2.7,5.0,.533,4.0,10.7,.375,.511,3.0,3.0,1.000,1.0,4.0,5.0,7.0,0.0,0.3,1.3,2.0,19.0
Luka Dončić,PG,22,DAL,3,3,36.3,9.0,22.0,.409,1.7,7.7,.217,7.3,14.3,.512,.447,4.0,4.7,.857,0.7,10.7,11.3,8.7,1.0,0.7,4.7,2.3,23.7
Luguentz Dort,SG,22,OKC,4,4,32.0,3.5,10.8,.326,1.0,5.5,.182,2.5,5.3,.476,.372,1.8,2.5,.700,1.0,2.8,3.8,3.0,1.3,0.3,1.8,2.5,9.8
Ayo Dosunmu,SG,22,CHI,3,0,8.3,1.3,4.0,.333,0.3,1.0,.333,1.0,3.0,.333,.375,0.0,0.0,,0.0,1.3,1.3,1.3,0.3,0.7,0.3,0.3,3.0
PJ Dozier,SG,25,DEN,4,0,17.3,2.0,4.3,.471,1.0,2.0,.500,1.0,2.3,.444,.588,0.3,0.8,.333,0.5,2.0,2.5,1.3,0.5,0.0,0.5,1.8,5.3
Goran Dragić,PG,35,TOR,4,1,15.5,1.8,5.5,.318,0.5,2.3,.222,1.3,3.3,.385,.364,2.0,2.0,1.000,0.3,2.3,2.5,1.5,0.5,0.3,0.3,1.5,6.0
Andre Drummond,C,28,PHI,3,0,17.3,2.0,4.0,.500,0.0,0.3,.000,2.0,3.7,.545,.500,1.3,1.7,.800,3.3,8.7,12.0,2.3,1.7,1.3,2.3,2.3,5.3
Chris Duarte,SG,24,IND,4,4,38.3,7.0,17.0,.412,3.3,7.3,.448,3.8,9.8,.385,.507,2.5,2.5,1.000,0.3,4.5,4.8,2.0,0.8,0.0,1.3,2.3,19.8
Kevin Durant,PF,33,BRK,4,4,34.5,12.0,21.5,.558,1.8,5.3,.333,10.3,16.3,.631,.599,5.3,6.8,.778,1.0,8.8,9.8,5.8,1.0,0.8,1.8,1.0,31.0
Anthony Edwards,SG,20,MIN,3,3,36.3,9.3,22.0,.424,4.3,10.3,.419,5.0,11.7,.429,.523,2.3,2.7,.875,2.0,6.0,8.0,3.7,1.0,0.3,2.7,2.7,25.3
CJ Elleby,SF,21,POR,2,0,8.5,0.5,2.5,.200,0.0,0.5,.000,0.5,2.0,.250,.200,0.0,0.0,,0.0,2.5,2.5,0.5,0.0,0.0,1.0,1.5,1.0
Joel Embiid,C,27,PHI,4,4,29.8,6.0,13.5,.444,1.5,3.8,.400,4.5,9.8,.462,.500,5.8,7.3,.793,1.3,6.0,7.3,4.5,1.3,2.3,2.3,2.5,19.3
Drew Eubanks,C,24,SAS,4,0,12.8,1.8,3.0,.583,0.0,0.3,.000,1.8,2.8,.636,.583,0.3,0.3,1.000,1.3,3.3,4.5,1.8,0.5,0.5,1.8,1.8,3.8
Tacko Fall,C,26,CLE,1,0,2.0,0.0,1.0,.000,0.0,0.0,,0.0,1.0,.000,.000,0.0,0.0,,1.0,1.0,2.0,0.0,0.0,0.0,1.0,0.0,0.0
Derrick Favors,C,30,OKC,3,2,16.3,2.0,6.3,.316,0.0,0.0,,2.0,6.3,.316,.316,0.0,0.0,,2.7,3.7,6.3,0.7,0.3,0.3,0.3,1.3,4.0
Dorian Finney-Smith,PF,28,DAL,3,3,32.3,3.0,9.3,.321,0.7,4.7,.143,2.3,4.7,.500,.357,0.7,0.7,1.000,4.0,3.3,7.3,1.7,1.0,1.0,1.0,3.0,7.3
Malik Fitts,PF,24,UTA,1,0,2.0,0.0,0.0,,0.0,0.0,,0.0,0.0,,,0.0,0.0,,0.0,1.0,1.0,0.0,0.0,0.0,0.0,0.0,0.0
Malachi Flynn,PG,23,TOR,1,0,3.0,0.0,1.0,.000,0.0,0.0,,0.0,1.0,.000,.000,0.0,0.0,,0.0,1.0,1.0,1.0,1.0,0.0,0.0,0.0,0.0
Bryn Forbes,SG,28,SAS,4,0,8.5,0.3,3.0,.083,0.3,2.5,.100,0.0,0.5,.000,.125,0.0,0.0,,0.0,0.8,0.8,0.3,0.0,0.0,0.5,0.5,0.8
Trent Forrest,PG,23,UTA,1,0,7.0,1.0,1.0,1.000,0.0,0.0,,1.0,1.0,1.000,1.000,0.0,0.0,,0.0,0.0,0.0,2.0,0.0,0.0,0.0,0.0,2.0
Evan Fournier,SG,29,NYK,4,4,32.5,6.8,14.5,.466,4.0,8.8,.457,2.8,5.8,.478,.603,1.5,2.0,.750,0.3,3.5,3.8,2.8,1.5,0.5,1.3,2.5,19.0
De'Aaron Fox,PG,24,SAC,3,3,35.0,7.3,19.0,.386,1.0,6.3,.158,6.3,12.7,.500,.412,3.0,5.0,.600,1.3,3.0,4.3,6.3,1.7,0.3,5.0,3.3,18.7
Daniel Gafford,C,23,WAS,3,3,21.0,3.7,5.3,.688,0.0,0.0,,3.7,5.3,.688,.688,2.3,2.7,.875,2.0,2.0,4.0,0.3,0.7,2.3,1.0,2.7,9.7
Darius Garland,PG,22,CLE,2,2,31.5,4.5,12.0,.375,2.0,6.5,.308,2.5,5.5,.455,.458,0.0,0.0,,0.5,1.5,2.0,9.5,0.5,0.0,2.5,1.5,11.0
Marcus Garrett,SG,23,MIA,2,0,3.5,0.0,0.5,.000,0.0,0.0,,0.0,0.5,.000,.000,0.0,0.0,,0.0,0.0,0.0,1.0,0.0,0.0,0.0,0.5,0.0
Usman Garuba,PF,19,HOU,2,0,7.0,1.0,2.0,.500,0.0,0.5,.000,1.0,1.5,.667,.500,0.0,0.0,,0.5,1.0,1.5,0.5,0.5,1.5,0.5,0.5,2.0
Luka Garza,C,23,DET,2,0,9.5,1.0,2.0,.500,0.0,1.0,.000,1.0,1.0,1.000,.500,0.5,1.0,.500,0.5,1.5,2.0,0.5,1.0,0.5,0.5,2.5,2.5
Paul George,SF,31,LAC,3,3,32.7,11.0,21.3,.516,4.0,10.3,.387,7.0,11.0,.636,.609,2.0,2.0,1.000,0.3,6.7,7.0,5.0,4.0,0.3,3.0,2.7,28.0
Taj Gibson,PF,36,NYK,2,0,15.5,1.0,3.0,.333,0.0,1.0,.000,1.0,2.0,.500,.333,0.0,0.0,,1.0,2.5,3.5,1.0,0.0,0.5,0.5,2.5,2.0
Josh Giddey,PG,19,OKC,4,4,27.3,3.8,9.0,.417,0.8,2.0,.375,3.0,7.0,.429,.458,0.8,1.3,.600,1.5,5.8,7.3,4.5,1.5,0.5,1.5,1.8,9.0
Shai Gilgeous-Alexander,PG,23,OKC,4,4,33.5,8.3,17.5,.471,1.8,6.0,.292,6.5,11.5,.565,.521,4.3,5.5,.773,0.3,3.5,3.8,4.0,0.5,0.3,2.3,2.5,22.5
Rudy Gobert,C,29,UTA,3,3,31.7,5.7,8.0,.708,0.0,0.0,,5.7,8.0,.708,.708,7.3,10.7,.688,4.7,14.3,19.0,0.7,0.7,0.7,3.0,3.0,18.7
Aaron Gordon,PF,26,DEN,4,4,30.3,5.5,9.8,.564,0.5,2.5,.200,5.0,7.3,.690,.590,1.5,2.5,.600,2.0,5.3,7.3,1.8,0.3,0.5,3.3,3.5,13.0
Eric Gordon,SG,33,HOU,4,0,25.8,5.3,9.8,.538,2.5,4.5,.556,2.8,5.3,.524,.667,2.3,2.8,.818,0.0,1.8,1.8,1.3,1.0,0.3,1.3,0.5,15.3
Devonte' Graham,PG,26,NOP,4,4,33.3,5.8,13.3,.434,3.0,8.3,.364,2.8,5.0,.550,.547,3.3,4.3,.765,0.5,2.8,3.3,5.0,1.0,0.3,3.3,1.3,17.8
Jerami Grant,SF,27,DET,2,2,32.0,6.0,16.5,.364,1.5,4.0,.375,4.5,12.5,.360,.409,3.0,3.5,.857,2.5,3.0,5.5,1.5,1.5,2.5,2.5,2.5,16.5
Danny Green,SF,34,PHI,4,4,23.3,2.5,5.3,.476,2.3,5.0,.450,0.3,0.3,1.000,.690,0.0,0.0,,0.3,2.5,2.8,0.0,0.8,0.5,0.5,2.3,7.3
Draymond Green,PF,31,GSW,4,4,32.5,3.8,6.5,.577,0.5,0.8,.667,3.3,5.8,.565,.615,1.5,4.3,.353,1.5,5.8,7.3,6.8,1.3,0.3,2.8,3.0,9.5
Jalen Green,SG,19,HOU,4,4,32.5,5.8,14.8,.390,3.0,7.5,.400,2.8,7.3,.379,.492,0.0,0.0,,0.3,3.8,4.0,2.5,1.0,0.8,1.8,1.3,14.5
JaMychal Green,PF,31,DEN,4,0,14.0,1.5,3.8,.400,0.5,2.5,.200,1.0,1.3,.800,.467,0.0,0.0,,0.3,1.8,2.0,0.5,1.8,0.0,2.3,2.8,3.5
Javonte Green,SG,28,CHI,4,0,15.8,1.8,2.8,.636,0.5,1.0,.500,1.3,1.8,.714,.727,1.5,1.5,1.000,0.3,2.5,2.8,0.8,0.3,0.5,0.3,1.5,5.5
Jeff Green,C,35,DEN,4,0,19.0,2.3,6.0,.375,0.8,3.3,.231,1.5,2.8,.545,.438,1.8,2.3,.778,0.0,1.3,1.3,1.0,0.0,0.3,1.0,2.3,7.0
Josh Green,SG,21,DAL,2,0,4.0,0.5,1.0,.500,0.0,0.0,,0.5,1.0,.500,.500,0.0,0.0,,0.0,0.0,0.0,0.0,0.0,0.0,0.0,0.5,1.0
Blake Griffin,PF,32,BRK,3,3,20.3,1.3,6.0,.222,0.0,2.3,.000,1.3,3.7,.364,.222,1.3,1.7,.800,1.0,4.7,5.7,0.0,0.7,0.3,0.3,1.7,4.0
Quentin Grimes,SG,21,NYK,2,0,2.5,0.5,1.0,.500,0.5,1.0,.500,0.0,0.0,,.750,0.0,0.0,,0.0,0.0,0.0,0.0,0.0,0.0,0.0,0.0,1.5
Tyrese Haliburton,PG,21,SAC,3,3,31.0,3.7,8.7,.423,0.7,3.0,.222,3.0,5.7,.529,.462,0.3,0.3,1.000,0.3,3.7,4.0,6.3,1.3,1.0,1.7,1.0,8.3
R.J. Hampton,SG,20,ORL,4,0,22.0,3.0,8.5,.353,1.5,3.3,.462,1.5,5.3,.286,.441,0.8,1.5,.500,0.3,4.5,4.8,2.3,0.5,0.3,1.3,1.8,8.3
Tim Hardaway Jr.,SG,29,DAL,3,3,32.3,6.3,12.3,.514,3.7,8.0,.458,2.7,4.3,.615,.662,2.0,2.7,.750,0.7,1.7,2.3,0.7,1.3,0.0,0.3,2.0,18.3
James Harden,PG,32,BRK,4,4,33.3,6.0,16.5,.364,2.5,7.8,.323,3.5,8.8,.400,.439,2.8,3.0,.917,1.8,5.3,7.0,8.3,1.3,1.0,4.8,2.3,17.3
Maurice Harkless,SF,28,SAC,2,2,22.5,2.5,5.5,.455,1.0,3.5,.286,1.5,2.0,.750,.545,1.5,1.5,1.000,0.0,2.5,2.5,0.5,0.5,0.5,1.0,1.5,7.5
Montrezl Harrell,C,28,WAS,3,0,27.0,5.7,9.0,.630,0.0,0.0,,5.7,9.0,.630,.630,4.0,5.7,.706,1.3,6.3,7.7,1.3,0.3,1.0,0.7,2.0,15.3
Gary Harris,SG,27,ORL,1,0,19.0,1.0,3.0,.333,0.0,1.0,.000,1.0,2.0,.500,.333,0.0,0.0,,0.0,0.0,0.0,2.0,0.0,0.0,1.0,2.0,2.0
Joe Harris,SF,30,BRK,4,4,30.5,3.5,10.3,.341,2.5,7.3,.345,1.0,3.0,.333,.463,0.8,1.0,.750,0.8,4.0,4.8,1.3,0.5,0.0,2.0,2.5,10.3
Tobias Harris,PF,29,PHI,4,4,32.8,8.8,17.0,.515,1.3,4.0,.313,7.5,13.0,.577,.551,1.3,1.5,.833,1.8,7.5,9.3,5.0,0.3,0.0,1.5,0.8,20.0
Josh Hart,SF,26,NOP,1,1,10.0,2.0,2.0,1.000,0.0,0.0,,2.0,2.0,1.000,1.000,1.0,2.0,.500,0.0,2.0,2.0,1.0,0.0,0.0,0.0,1.0,5.0
Isaiah Hartenstein,C,23,LAC,2,0,16.5,4.5,5.5,.818,0.0,0.0,,4.5,5.5,.818,.818,1.0,1.5,.667,1.0,3.5,4.5,1.5,1.5,0.5,1.5,3.5,10.0
Jaxson Hayes,C,21,NOP,4,0,13.3,2.0,3.5,.571,0.3,0.3,1.000,1.8,3.3,.538,.607,0.8,1.5,.500,1.5,2.0,3.5,0.0,0.5,0.8,1.0,2.0,5.0
Killian Hayes,PG,20,DET,3,3,22.0,1.7,7.3,.227,0.7,1.7,.400,1.0,5.7,.176,.273,0.7,0.7,1.000,0.3,2.0,2.3,2.7,0.7,0.3,1.0,2.0,4.7
Gordon Hayward,SF,31,CHO,4,4,35.0,6.3,14.3,.439,2.0,5.0,.400,4.3,9.3,.459,.509,2.5,3.5,.714,1.0,2.8,3.8,5.3,0.5,0.3,3.8,2.8,17.0
Aaron Henry,SF,22,PHI,1,0,2.0,0.0,1.0,.000,0.0,1.0,.000,0.0,0.0,,.000,0.0,0.0,,0.0,0.0,0.0,0.0,0.0,0.0,0.0,0.0,0.0
Juan Hernangómez,PF,26,BOS,2,0,4.0,1.0,2.0,.500,0.5,0.5,1.000,0.5,1.5,.333,.625,0.5,1.0,.500,1.0,1.0,2.0,0.0,0.5,0.0,1.5,0.5,3.0
Tyler Herro,SG,22,MIA,3,0,31.7,9.0,19.3,.466,2.7,7.7,.348,6.3,11.7,.543,.534,2.7,3.0,.889,0.7,6.3,7.0,4.7,0.0,0.0,2.7,1.3,23.3
Buddy Hield,SG,29,SAC,3,0,27.3,5.3,13.7,.390,4.0,10.7,.375,1.3,3.0,.444,.537,1.0,1.3,.750,1.0,4.7,5.7,2.0,0.0,0.0,2.0,2.3,15.7
George Hill,SG,35,MIL,4,2,24.3,2.8,5.8,.478,1.3,2.8,.455,1.5,3.0,.500,.587,0.8,1.0,.750,0.8,2.8,3.5,2.3,1.0,0.3,0.8,3.5,7.5
Solomon Hill,PF,30,ATL,3,0,14.0,0.7,2.7,.250,0.7,2.3,.286,0.0,0.3,.000,.375,0.0,0.0,,0.3,2.0,2.3,1.3,0.7,0.0,0.3,2.3,2.0
Aaron Holiday,PG,25,WAS,3,1,18.7,1.7,5.7,.294,1.0,2.3,.429,0.7,3.3,.200,.382,1.7,2.0,.833,0.3,2.7,3.0,0.7,0.3,0.7,1.7,1.7,6.0
Jrue Holiday,PG,31,MIL,2,2,21.5,5.5,8.0,.688,2.5,4.0,.625,3.0,4.0,.750,.844,0.5,1.0,.500,1.0,1.5,2.5,3.0,0.5,0.0,2.5,1.5,14.0
Justin Holiday,SF,32,IND,4,4,30.3,3.3,7.8,.419,1.8,6.0,.292,1.5,1.8,.857,.532,0.5,0.5,1.000,0.3,3.8,4.0,1.8,1.0,0.3,0.8,2.3,8.8
Richaun Holmes,C,28,SAC,3,3,26.3,6.3,8.3,.760,0.3,0.3,1.000,6.0,8.0,.750,.780,1.3,1.7,.800,3.0,7.7,10.7,1.7,0.7,2.3,1.0,4.3,14.3
Rodney Hood,SF,29,MIL,1,0,10.0,1.0,2.0,.500,1.0,2.0,.500,0.0,0.0,,.750,0.0,0.0,,0.0,1.0,1.0,0.0,1.0,0.0,0.0,2.0,3.0
Al Horford,C,35,BOS,2,2,27.0,4.5,12.0,.375,0.5,4.5,.111,4.0,7.5,.533,.396,4.5,5.0,.900,1.5,9.0,10.5,1.5,1.5,4.0,1.0,2.0,14.0
Danuel House,SF,28,HOU,3,0,11.3,1.0,2.7,.375,0.7,1.7,.400,0.3,1.0,.333,.500,0.7,0.7,1.000,0.3,2.7,3.0,1.0,0.7,0.0,0.3,0.0,3.3
Dwight Howard,C,36,LAL,4,0,14.3,1.0,1.5,.667,0.0,0.0,,1.0,1.5,.667,.667,1.8,2.3,.778,0.0,4.5,4.5,0.3,1.0,0.8,0.5,1.5,3.8
Markus Howard,SG,22,DEN,1,0,3.0,0.0,0.0,,0.0,0.0,,0.0,0.0,,,0.0,0.0,,0.0,0.0,0.0,0.0,1.0,0.0,1.0,0.0,0.0
Kevin Huerter,SG,23,ATL,3,1,23.7,3.3,8.3,.400,0.7,3.3,.200,2.7,5.0,.533,.440,0.7,0.7,1.000,0.3,2.3,2.7,2.7,0.7,0.3,1.3,1.3,8.0
Elijah Hughes,SF,23,UTA,1,0,3.0,0.0,0.0,,0.0,0.0,,0.0,0.0,,,2.0,2.0,1.000,0.0,0.0,0.0,0.0,0.0,0.0,0.0,0.0,2.0
De'Andre Hunter,SF,24,ATL,2,2,29.5,5.0,13.5,.370,1.5,5.5,.273,3.5,8.0,.438,.426,0.0,0.0,,0.5,2.5,3.0,1.0,0.0,1.0,0.0,3.0,11.5
Chandler Hutchison,SF,25,PHO,1,0,6.0,1.0,1.0,1.000,0.0,0.0,,1.0,1.0,1.000,1.000,0.0,0.0,,0.0,2.0,2.0,0.0,0.0,0.0,2.0,1.0,2.0
Bones Hyland,PG,21,DEN,1,0,10.0,3.0,5.0,.600,1.0,3.0,.333,2.0,2.0,1.000,.700,0.0,0.0,,0.0,2.0,2.0,2.0,1.0,0.0,0.0,2.0,7.0
Andre Iguodala,SF,38,GSW,3,0,22.0,2.3,4.0,.583,1.0,2.7,.375,1.3,1.3,1.000,.708,0.7,0.7,1.000,0.3,3.7,4.0,2.7,0.3,1.0,0.3,1.0,6.3
Joe Ingles,SF,34,UTA,3,0,19.7,3.0,5.0,.600,2.3,4.3,.538,0.7,0.7,1.000,.833,0.7,0.7,1.000,0.0,2.7,2.7,2.3,0.3,0.3,0.0,1.7,9.0
Brandon Ingram,SF,24,NOP,4,4,37.0,11.3,22.5,.500,2.5,5.0,.500,8.8,17.5,.500,.556,2.0,2.8,.727,1.0,6.5,7.5,4.8,0.3,0.3,4.3,3.0,27.0
Frank Jackson,PG,23,DET,3,2,21.0,2.3,8.3,.280,0.7,4.3,.154,1.7,4.0,.417,.320,0.0,0.0,,0.0,1.0,1.0,0.3,0.0,0.0,1.7,2.3,5.3
Isaiah Jackson,PF,20,IND,1,0,2.0,0.0,0.0,,0.0,0.0,,0.0,0.0,,,1.0,2.0,.500,0.0,0.0,0.0,0.0,0.0,0.0,0.0,0.0,1.0
Jaren Jackson Jr.,C,22,MEM,3,3,30.0,4.0,11.7,.343,2.7,6.3,.421,1.3,5.3,.250,.457,4.7,4.7,1.000,0.7,5.3,6.0,0.7,0.7,2.3,1.3,3.3,15.3
Josh Jackson,SF,24,DET,3,1,22.3,4.0,8.0,.500,0.7,3.3,.200,3.3,4.7,.714,.542,1.0,1.7,.600,0.7,3.3,4.0,2.7,0.3,0.3,2.3,1.3,9.7
Reggie Jackson,SG,31,LAC,3,3,34.0,5.7,18.7,.304,3.0,10.7,.281,2.7,8.0,.333,.384,1.0,1.3,.750,0.7,3.0,3.7,4.0,0.7,0.0,0.7,2.3,15.3
LeBron James,SF,37,LAL,3,3,38.0,9.3,20.0,.467,4.7,9.7,.483,4.7,10.3,.452,.583,2.7,4.0,.667,0.3,6.0,6.3,5.3,1.7,1.0,4.0,3.3,26.0
Ty Jerome,SG,24,OKC,1,0,15.0,0.0,5.0,.000,0.0,4.0,.000,0.0,1.0,.000,.000,0.0,0.0,,0.0,0.0,0.0,1.0,1.0,0.0,1.0,1.0,0.0
Isaiah Joe,SG,22,PHI,4,0,8.5,0.3,2.5,.100,0.3,2.0,.125,0.0,0.5,.000,.150,0.0,0.0,,0.0,0.3,0.3,0.3,0.0,0.0,0.5,0.3,0.8
Alize Johnson,PF,25,CHI,4,0,11.3,1.5,2.0,.750,0.0,0.0,,1.5,2.0,.750,.750,0.5,0.8,.667,1.0,2.5,3.5,0.8,0.3,0.0,0.8,1.8,3.5
Cameron Johnson,PF,25,PHO,3,0,19.0,3.0,7.3,.409,2.0,4.3,.462,1.0,3.0,.333,.545,0.0,0.0,,0.3,1.3,1.7,1.7,0.7,0.0,0.3,1.3,8.0
Jalen Johnson,PF,20,ATL,2,0,3.5,1.5,2.5,.600,1.0,1.5,.667,0.5,1.0,.500,.800,0.0,0.0,,0.0,1.5,1.5,0.0,0.0,0.0,0.0,0.0,4.0
James Johnson,PF,34,BRK,4,0,9.0,0.3,1.5,.167,0.0,0.5,.000,0.3,1.0,.250,.167,0.3,0.5,.500,0.3,0.3,0.5,0.5,0.3,0.5,0.0,1.0,0.8
Keldon Johnson,SF,22,SAS,4,4,29.5,7.3,14.5,.500,0.0,2.5,.000,7.3,12.0,.604,.500,3.8,5.3,.714,1.0,3.0,4.0,1.8,1.0,0.0,1.8,3.0,18.3
Nikola Jokić,C,26,DEN,4,4,29.5,11.0,16.3,.677,1.8,3.8,.467,9.3,12.5,.740,.731,3.0,4.0,.750,2.8,10.8,13.5,4.5,2.0,0.3,4.0,2.8,26.8
Derrick Jones Jr.,SF,24,CHI,1,0,2.0,0.0,0.0,,0.0,0.0,,0.0,0.0,,,0.0,0.0,,0.0,0.0,0.0,0.0,0.0,0.0,0.0,0.0,0.0
Herb Jones,C,23,NOP,4,3,23.3,1.0,2.8,.364,0.0,0.3,.000,1.0,2.5,.400,.364,0.0,0.0,,1.5,1.3,2.8,1.5,0.8,0.8,2.0,2.3,2.0
Kai Jones,C,21,CHO,2,0,1.0,0.0,0.0,,0.0,0.0,,0.0,0.0,,,0.0,0.0,,0.0,0.0,0.0,0.0,0.0,0.0,1.0,0.0,0.0
Tre Jones,PG,22,SAS,3,0,4.7,1.0,1.7,.600,0.0,0.0,,1.0,1.7,.600,.600,0.0,0.0,,0.0,0.0,0.0,0.3,0.0,0.0,0.3,0.0,2.0
Tyus Jones,PG,25,MEM,3,0,12.7,2.3,4.3,.538,0.3,1.0,.333,2.0,3.3,.600,.577,0.0,0.0,,0.0,2.0,2.0,2.7,0.3,0.0,0.0,0.7,5.0
DeAndre Jordan,C,33,LAL,4,4,13.3,2.3,2.8,.818,0.0,0.0,,2.3,2.8,.818,.818,0.3,0.5,.500,1.5,4.3,5.8,0.5,0.3,1.3,0.3,2.0,4.8
Cory Joseph,PG,30,DET,3,0,21.3,1.0,6.0,.167,0.3,2.7,.125,0.7,3.3,.200,.194,0.3,0.7,.500,1.0,0.3,1.3,2.7,0.7,0.7,1.0,0.7,2.7
Georgios Kalaitzakis,SF,23,MIL,3,0,6.7,1.0,2.3,.429,0.3,0.7,.500,0.7,1.7,.400,.500,0.3,1.3,.250,1.0,0.7,1.7,0.0,0.0,0.0,1.0,0.7,2.7
Frank Kaminsky,C,28,PHO,1,0,10.0,1.0,4.0,.250,0.0,2.0,.000,1.0,2.0,.500,.250,0.0,0.0,,2.0,3.0,5.0,0.0,0.0,0.0,1.0,0.0,2.0
Enes Kanter,C,29,BOS,1,0,5.0,1.0,2.0,.500,0.0,0.0,,1.0,2.0,.500,.500,0.0,0.0,,1.0,0.0,1.0,0.0,0.0,0.0,0.0,0.0,2.0
Luke Kennard,SG,25,LAC,3,0,23.7,4.7,8.7,.538,3.0,5.3,.563,1.7,3.3,.500,.712,1.0,1.0,1.000,0.3,2.0,2.3,2.3,0.0,0.3,0.3,2.7,13.3
Corey Kispert,SF,22,WAS,2,0,7.5,1.0,1.5,.667,0.0,0.5,.000,1.0,1.0,1.000,.667,0.0,0.0,,0.5,0.5,1.0,0.5,0.5,0.5,0.5,1.0,2.0
Maxi Kleber,PF,30,DAL,3,0,18.0,1.7,4.3,.385,1.7,3.7,.455,0.0,0.7,.000,.577,0.7,0.7,1.000,1.0,4.0,5.0,0.0,0.7,0.0,1.0,2.0,5.7
Kevin Knox,SF,22,NYK,1,0,4.0,0.0,0.0,,0.0,0.0,,0.0,0.0,,,0.0,0.0,,0.0,0.0,0.0,1.0,0.0,0.0,1.0,1.0,0.0
John Konchar,SG,25,MEM,2,0,17.5,1.0,1.5,.667,0.0,0.5,.000,1.0,1.0,1.000,.667,0.0,0.0,,1.0,2.5,3.5,0.5,0.5,0.0,0.5,2.0,2.0
Furkan Korkmaz,SG,24,PHI,4,0,20.5,4.0,9.8,.410,2.0,5.3,.381,2.0,4.5,.444,.513,2.5,2.8,.909,0.3,1.3,1.5,3.3,0.8,0.0,1.0,0.3,12.5
Vit Krejci,SG,21,OKC,2,0,4.5,0.0,1.0,.000,0.0,1.0,.000,0.0,0.0,,.000,1.0,1.0,1.000,0.0,1.0,1.0,0.0,0.0,0.0,0.5,0.0,1.0
Kyle Kuzma,SF,26,WAS,3,3,33.3,5.7,13.7,.415,2.3,7.3,.318,3.3,6.3,.526,.500,0.7,1.3,.500,1.3,11.7,13.0,2.3,0.7,0.3,3.0,1.3,14.3
Jeremy Lamb,SF,29,IND,4,0,20.3,2.8,7.5,.367,2.0,4.3,.471,0.8,3.3,.231,.500,1.3,1.3,1.000,0.0,2.3,2.3,0.8,0.3,0.5,0.8,1.5,8.8
Jock Landale,C,26,SAS,2,0,2.5,0.0,0.5,.000,0.0,0.0,,0.0,0.5,.000,.000,0.5,1.0,.500,0.5,0.0,0.5,0.5,0.0,0.5,0.5,0.0,0.5
Romeo Langford,SG,22,BOS,2,0,19.5,3.0,5.5,.545,2.0,3.0,.667,1.0,2.5,.400,.727,0.0,0.0,,2.0,0.5,2.5,0.0,1.0,0.0,2.5,2.0,8.0
Zach LaVine,SG,26,CHI,4,4,33.8,8.8,17.5,.500,3.0,6.8,.444,5.8,10.8,.535,.586,5.0,5.3,.952,0.3,5.0,5.3,4.8,0.5,0.5,3.0,1.0,25.5
Jake Layman,SF,27,MIN,1,0,5.0,1.0,3.0,.333,0.0,1.0,.000,1.0,2.0,.500,.333,0.0,0.0,,0.0,0.0,0.0,0.0,0.0,0.0,0.0,0.0,2.0
Damion Lee,SG,29,GSW,4,0,26.8,4.8,10.0,.475,2.0,4.3,.471,2.8,5.8,.478,.575,2.8,3.0,.917,0.3,2.0,2.3,1.3,0.0,0.0,0.3,1.8,14.3
Saben Lee,PG,22,DET,2,0,8.5,0.5,2.5,.200,0.0,0.5,.000,0.5,2.0,.250,.200,0.0,0.0,,0.0,1.0,1.0,0.0,0.5,0.0,0.5,0.5,1.0
Alex Len,C,28,SAC,1,0,23.0,1.0,2.0,.500,0.0,0.0,,1.0,2.0,.500,.500,6.0,8.0,.750,1.0,3.0,4.0,0.0,0.0,1.0,0.0,4.0,8.0
Kira Lewis Jr.,PG,20,NOP,4,0,12.3,1.3,4.8,.263,0.5,2.0,.250,0.8,2.8,.273,.316,0.0,0.0,,0.5,1.3,1.8,3.0,0.3,0.0,1.5,0.8,3.0
Damian Lillard,PG,31,POR,3,3,31.0,6.0,16.7,.360,0.7,8.0,.083,5.3,8.7,.615,.380,4.3,4.7,.929,0.3,3.0,3.3,7.3,0.3,0.0,2.3,2.0,17.0
Nassir Little,PF,21,POR,3,1,25.0,4.0,7.3,.545,1.3,3.0,.444,2.7,4.3,.615,.636,0.0,0.7,.000,1.7,3.0,4.7,1.0,1.0,0.7,0.7,1.7,9.3
Kevon Looney,C,25,GSW,4,4,16.8,2.5,4.5,.556,0.0,0.0,,2.5,4.5,.556,.556,1.5,2.0,.750,2.3,3.5,5.8,0.8,0.5,0.8,0.3,2.0,6.5
Brook Lopez,C,33,MIL,1,1,28.0,3.0,9.0,.333,2.0,4.0,.500,1.0,5.0,.200,.444,0.0,0.0,,2.0,3.0,5.0,0.0,1.0,3.0,0.0,3.0,8.0
Robin Lopez,C,33,ORL,4,0,13.0,2.0,3.0,.667,0.0,0.0,,2.0,3.0,.667,.667,1.5,2.0,.750,1.3,1.8,3.0,0.5,0.0,0.3,0.5,0.5,5.5
Kevin Love,PF,33,CLE,4,0,21.5,3.5,8.5,.412,0.5,3.0,.167,3.0,5.5,.545,.441,3.5,3.8,.933,1.3,5.3,6.5,2.8,0.3,0.3,0.8,0.5,11.0
Kyle Lowry,PG,35,MIA,2,2,28.0,2.5,9.5,.263,1.0,6.0,.167,1.5,3.5,.429,.316,1.0,1.0,1.000,0.5,1.0,1.5,7.0,1.0,0.5,2.0,3.0,7.0
Timothé Luwawu-Cabarrot,SF,26,ATL,2,0,3.5,0.0,2.0,.000,0.0,1.0,.000,0.0,1.0,.000,.000,0.0,0.0,,0.0,1.0,1.0,0.5,0.0,0.0,0.0,0.0,0.0
Trey Lyles,PF,26,DET,3,0,19.0,2.7,6.0,.444,1.0,2.3,.429,1.7,3.7,.455,.528,1.7,2.0,.833,1.0,4.0,5.0,1.0,0.7,0.7,1.7,0.3,8.0
Théo Maledon,PG,20,OKC,4,0,18.3,1.0,3.8,.267,0.5,2.8,.182,0.5,1.0,.500,.333,0.5,0.5,1.000,0.0,1.3,1.3,2.0,0.5,0.0,1.8,1.5,3.0
Sandro Mamukelashvili,PF,22,MIL,4,0,12.5,1.3,3.3,.385,0.5,1.3,.400,0.8,2.0,.375,.462,0.5,0.5,1.000,0.8,1.3,2.0,0.5,0.0,0.0,0.0,0.8,3.5
Terance Mann,SG,25,LAC,3,0,30.0,3.3,7.3,.455,1.0,2.7,.375,2.3,4.7,.500,.523,1.3,1.7,.800,2.7,4.3,7.0,3.7,1.7,0.3,0.7,2.0,9.0
Tre Mann,PG,20,OKC,4,0,11.8,2.3,5.3,.429,0.8,2.0,.375,1.5,3.3,.462,.500,0.0,0.5,.000,0.3,0.8,1.0,0.3,0.3,0.5,0.3,1.0,5.3
Boban Marjanović,C,33,DAL,1,0,9.0,5.0,5.0,1.000,0.0,0.0,,5.0,5.0,1.000,1.000,1.0,2.0,.500,2.0,2.0,4.0,1.0,0.0,0.0,0.0,1.0,11.0
Lauri Markkanen,PF,24,CLE,4,4,31.3,4.0,13.0,.308,1.8,6.5,.269,2.3,6.5,.346,.375,2.0,2.5,.800,1.5,5.0,6.5,2.0,1.5,0.8,0.5,0.5,11.8
Naji Marshall,SF,24,NOP,4,0,12.0,0.8,2.3,.333,0.0,0.5,.000,0.8,1.8,.429,.333,0.3,0.5,.500,0.8,3.0,3.8,1.3,0.3,0.5,1.8,1.5,1.8
Caleb Martin,SF,26,MIA,1,0,8.0,1.0,1.0,1.000,1.0,1.0,1.000,0.0,0.0,,1.500,2.0,4.0,.500,0.0,1.0,1.0,0.0,2.0,0.0,0.0,1.0,5.0
Cody Martin,SF,26,CHO,4,0,23.8,3.3,6.5,.500,0.8,2.0,.375,2.5,4.5,.556,.558,1.5,2.0,.750,1.5,3.5,5.0,1.8,1.0,0.5,0.8,1.8,8.8
Kenyon Martin Jr.,SF,21,HOU,3,0,6.7,1.0,1.3,.750,0.0,0.0,,1.0,1.3,.750,.750,0.7,1.3,.500,0.3,1.0,1.3,0.7,0.3,0.0,0.0,0.3,2.7
Tyrese Maxey,SG,21,PHI,4,4,33.5,5.5,13.3,.415,0.8,3.8,.200,4.8,9.5,.500,.443,2.3,2.5,.900,0.8,3.3,4.0,3.0,0.5,0.3,1.5,3.0,14.0
Skylar Mays,SG,24,ATL,2,0,3.5,0.5,0.5,1.000,0.5,0.5,1.000,0.0,0.0,,1.500,0.0,0.0,,0.0,0.5,0.5,0.0,0.0,0.0,0.0,0.5,1.5
Miles McBride,PG,21,NYK,2,0,1.5,0.0,1.5,.000,0.0,1.0,.000,0.0,0.5,.000,.000,0.0,0.0,,0.0,0.0,0.0,0.0,0.0,0.5,0.0,0.0,0.0
CJ McCollum,SG,30,POR,3,3,32.3,10.3,19.7,.525,5.3,11.0,.485,5.0,8.7,.577,.661,1.3,1.3,1.000,0.7,3.7,4.3,3.3,2.0,1.7,3.3,2.3,27.3
T.J. McConnell,PG,29,IND,4,0,22.5,3.0,6.5,.462,0.5,1.5,.333,2.5,5.0,.500,.500,0.0,0.3,.000,0.3,2.5,2.8,5.0,0.8,0.5,1.0,1.5,6.5
Jaden McDaniels,PF,21,MIN,3,3,28.3,1.7,5.0,.333,0.3,2.3,.143,1.3,2.7,.500,.367,0.0,0.0,,1.3,2.7,4.0,0.3,1.7,2.0,0.7,2.3,3.7
Jalen McDaniels,SF,24,CHO,4,0,11.5,1.8,2.5,.700,0.8,1.3,.600,1.0,1.3,.800,.850,1.0,1.5,.667,0.8,0.8,1.5,0.8,0.3,0.0,0.3,1.0,5.3
Doug McDermott,PF,30,SAS,4,4,25.8,4.3,8.5,.500,2.5,5.5,.455,1.8,3.0,.583,.647,0.5,0.5,1.000,0.3,1.8,2.0,0.8,0.0,0.0,0.5,0.8,11.5
JaVale McGee,C,34,PHO,3,0,13.3,4.3,6.0,.722,0.0,0.0,,4.3,6.0,.722,.722,0.3,2.0,.167,0.7,4.7,5.3,0.0,0.0,0.3,1.3,2.3,9.0
Rodney McGruder,SG,30,DET,2,0,3.5,0.5,1.5,.333,0.5,1.0,.500,0.0,0.5,.000,.500,0.0,0.0,,0.0,1.0,1.0,0.5,0.0,0.0,0.0,0.0,1.5
Jordan McLaughlin,PG,25,MIN,3,0,14.0,1.0,2.3,.429,0.0,0.7,.000,1.0,1.7,.600,.429,1.0,1.3,.750,0.3,1.3,1.7,2.7,1.3,0.0,0.7,0.3,3.0
Ben McLemore,SG,28,POR,2,0,8.5,1.5,4.0,.375,1.0,3.5,.286,0.5,0.5,1.000,.500,1.0,1.0,1.000,0.0,0.0,0.0,0.5,0.0,0.0,0.5,0.0,5.0
De'Anthony Melton,PG,23,MEM,3,3,30.7,7.3,14.0,.524,3.7,6.3,.579,3.7,7.7,.478,.655,0.0,0.0,,1.7,3.0,4.7,2.7,1.0,0.0,1.0,1.3,18.3
Khris Middleton,SF,30,MIL,4,4,30.3,7.5,16.3,.462,1.5,5.0,.300,6.0,11.3,.533,.508,4.8,5.5,.864,0.3,4.3,4.5,4.3,1.5,0.3,4.0,1.3,21.3
Patty Mills,PG,33,BRK,4,0,28.5,5.3,10.0,.525,4.0,6.3,.640,1.3,3.8,.333,.725,0.0,0.0,,0.0,2.5,2.5,2.3,0.8,0.3,0.5,1.8,14.5
Paul Millsap,PF,36,BRK,4,0,9.8,1.0,2.5,.400,0.5,1.8,.286,0.5,0.8,.667,.500,0.5,0.5,1.000,0.5,2.8,3.3,1.3,0.5,0.3,0.5,1.8,3.0
Davion Mitchell,PG,23,SAC,3,0,29.3,3.7,10.0,.367,1.0,4.7,.214,2.7,5.3,.500,.417,0.7,1.3,.500,0.0,1.7,1.7,3.7,1.3,0.0,0.7,1.7,9.0
Donovan Mitchell,PG,25,UTA,3,3,33.3,8.0,20.7,.387,3.3,11.0,.303,4.7,9.7,.483,.468,2.3,2.7,.875,1.0,2.3,3.3,4.7,1.7,0.3,3.7,2.7,21.7
Evan Mobley,PF,20,CLE,4,4,33.0,5.5,10.0,.550,0.3,1.0,.250,5.3,9.0,.583,.563,3.0,3.5,.857,1.5,6.8,8.3,2.8,1.3,2.0,2.0,2.5,14.3
Malik Monk,SG,23,LAL,4,1,23.8,3.5,8.0,.438,2.3,5.3,.429,1.3,2.8,.455,.578,1.3,1.5,.833,0.3,1.5,1.8,2.3,1.0,0.0,0.5,0.5,10.5
Moses Moody,SG,19,GSW,3,0,3.3,0.3,1.0,.333,0.0,0.0,,0.3,1.0,.333,.333,0.0,0.0,,0.0,0.7,0.7,0.7,0.0,0.0,0.0,0.0,0.7
Ja Morant,PG,22,MEM,3,3,35.3,13.3,23.0,.580,2.7,6.0,.444,10.7,17.0,.627,.638,5.7,7.0,.810,1.0,2.7,3.7,8.0,1.3,0.7,4.3,2.7,35.0
Marcus Morris,PF,32,LAC,2,2,27.5,3.5,9.0,.389,1.5,5.5,.273,2.0,3.5,.571,.472,1.0,1.0,1.000,0.0,0.5,0.5,0.5,1.0,0.5,0.5,4.0,9.5
Markieff Morris,PF,32,MIA,3,0,20.0,4.0,9.0,.444,0.7,2.7,.250,3.3,6.3,.526,.481,0.3,0.3,1.000,1.3,1.3,2.7,1.0,0.7,0.3,1.3,2.3,9.0
Monte Morris,PG,26,DEN,4,4,30.0,4.5,9.3,.486,1.8,3.8,.467,2.8,5.5,.500,.581,0.0,0.5,.000,0.0,1.5,1.5,3.5,0.5,0.0,2.0,1.8,10.8
Trey Murphy III,SF,21,NOP,4,0,21.0,2.0,5.3,.381,1.8,4.3,.412,0.3,1.0,.250,.548,0.0,0.3,.000,0.3,2.3,2.5,0.8,0.5,0.0,0.5,1.8,5.8
Dejounte Murray,PG,25,SAS,4,4,35.0,6.8,18.3,.370,0.8,3.5,.214,6.0,14.8,.407,.390,1.0,1.8,.571,0.8,8.3,9.0,9.0,2.3,0.5,2.3,3.0,15.3
Mike Muscala,C,30,OKC,3,0,15.3,3.3,5.3,.625,2.0,3.7,.545,1.3,1.7,.800,.813,1.3,1.7,.800,0.3,2.7,3.0,0.3,1.0,0.0,0.0,1.3,10.0
Svi Mykhailiuk,SF,24,TOR,4,0,15.5,1.8,4.3,.412,1.3,3.3,.385,0.5,1.0,.500,.559,1.3,1.5,.833,0.8,3.0,3.8,1.3,0.5,0.0,1.5,2.3,6.0
Abdel Nader,SF,28,PHO,3,0,13.3,1.0,3.7,.273,0.3,1.7,.200,0.7,2.0,.333,.318,1.0,1.3,.750,0.3,2.0,2.3,0.7,0.7,0.0,0.3,0.7,3.3
Larry Nance Jr.,PF,29,POR,3,0,19.0,2.0,4.0,.500,1.0,2.0,.500,1.0,2.0,.500,.625,0.0,0.0,,0.3,2.7,3.0,0.7,0.7,0.3,1.3,2.3,5.0
RJ Nembhard,SG,22,CLE,1,0,2.0,1.0,1.0,1.000,0.0,0.0,,1.0,1.0,1.000,1.000,0.0,0.0,,0.0,0.0,0.0,1.0,0.0,0.0,0.0,0.0,2.0
Aaron Nesmith,SF,22,BOS,3,0,9.0,0.0,3.3,.000,0.0,3.0,.000,0.0,0.3,.000,.000,0.0,0.0,,0.7,0.7,1.3,1.0,0.3,0.0,0.3,1.7,0.0
Raul Neto,PG,29,WAS,3,0,23.0,4.0,8.0,.500,0.3,1.7,.200,3.7,6.3,.579,.521,1.0,1.0,1.000,0.0,2.3,2.3,2.0,2.3,0.3,1.3,1.3,9.3
Georges Niang,PF,28,PHI,4,0,18.5,3.8,6.8,.556,2.5,4.5,.556,1.3,2.3,.556,.741,0.3,0.3,1.000,0.3,1.0,1.3,1.3,0.3,0.5,0.3,2.3,10.3
Zeke Nnaji,PF,21,DEN,1,0,3.0,1.0,1.0,1.000,1.0,1.0,1.000,0.0,0.0,,1.500,0.0,0.0,,0.0,0.0,0.0,0.0,0.0,0.0,0.0,0.0,3.0
Jaylen Nowell,SG,22,MIN,1,0,6.0,1.0,3.0,.333,0.0,0.0,,1.0,3.0,.333,.333,0.0,0.0,,1.0,1.0,2.0,1.0,0.0,0.0,1.0,1.0,2.0
Frank Ntilikina,PG,23,DAL,2,0,4.0,0.5,1.5,.333,0.0,0.5,.000,0.5,1.0,.500,.333,0.0,0.0,,0.0,0.5,0.5,1.0,0.0,0.5,0.5,1.5,1.0
Jusuf Nurkić,C,27,POR,3,3,25.7,4.0,7.7,.522,0.3,1.0,.333,3.7,6.7,.550,.543,2.7,3.0,.889,2.0,10.0,12.0,2.0,0.7,0.3,3.0,2.7,11.0
David Nwaba,SF,29,HOU,4,0,12.5,2.0,4.3,.471,0.0,0.8,.000,2.0,3.5,.571,.471,1.0,2.0,.500,0.8,2.5,3.3,1.8,1.0,0.3,0.8,1.8,5.0
Jordan Nwora,SF,23,MIL,4,0,24.3,3.8,10.0,.375,1.8,5.3,.333,2.0,4.8,.421,.463,1.3,1.8,.714,0.3,5.0,5.3,1.8,0.3,1.3,0.5,1.8,10.5
Royce O'Neale,SF,28,UTA,3,3,30.3,1.7,5.3,.313,1.0,3.7,.273,0.7,1.7,.400,.406,0.0,0.0,,1.0,3.3,4.3,1.7,1.7,1.0,0.7,1.7,4.3
Josh Okogie,SG,23,MIN,3,3,17.0,0.7,2.7,.250,0.0,0.7,.000,0.7,2.0,.333,.250,1.0,2.7,.375,1.3,2.7,4.0,1.3,1.7,0.7,0.3,1.7,2.3
Isaac Okoro,SF,21,CLE,4,0,27.0,2.8,5.8,.478,0.3,1.3,.200,2.5,4.5,.556,.500,1.3,2.0,.625,1.5,1.3,2.8,1.8,0.5,0.8,0.5,2.8,7.0
KZ Okpala,PF,22,MIA,2,0,5.0,0.5,1.0,.500,0.5,0.5,1.000,0.0,0.5,.000,.750,0.0,0.0,,0.0,1.0,1.0,0.0,0.0,0.0,0.0,0.5,1.5
Kelly Olynyk,PF,30,DET,3,1,23.7,5.7,11.0,.515,0.7,3.7,.182,5.0,7.3,.682,.545,1.7,3.3,.500,1.3,3.7,5.0,2.7,1.3,0.3,2.0,0.7,13.7
Miye Oni,SG,24,UTA,2,0,2.5,0.0,0.0,,0.0,0.0,,0.0,0.0,,,0.0,0.0,,0.0,0.0,0.0,0.0,0.0,0.0,0.0,0.5,0.0
Cedi Osman,SF,26,CLE,4,0,16.5,2.8,6.0,.458,1.3,3.5,.357,1.5,2.5,.600,.563,0.5,0.8,.667,0.5,1.5,2.0,1.5,0.0,0.0,0.8,0.8,7.3
Kelly Oubre Jr.,SF,26,CHO,4,3,32.0,6.0,14.8,.407,3.0,7.8,.387,3.0,7.0,.429,.508,1.8,2.3,.778,1.5,4.3,5.8,1.3,0.5,0.0,0.3,3.3,16.8
Kevin Pangos,PG,29,CLE,2,0,3.5,0.0,0.5,.000,0.0,0.5,.000,0.0,0.0,,.000,0.0,0.0,,0.0,0.0,0.0,0.0,0.0,0.0,0.5,0.5,0.0
Jabari Parker,PF,26,BOS,1,0,17.0,5.0,8.0,.625,3.0,4.0,.750,2.0,4.0,.500,.813,0.0,0.0,,0.0,5.0,5.0,0.0,0.0,1.0,0.0,1.0,13.0
Eric Paschall,PF,25,UTA,3,0,14.3,0.7,2.7,.250,0.7,2.0,.333,0.0,0.7,.000,.375,0.0,0.0,,0.3,2.3,2.7,1.0,0.0,0.3,0.3,0.3,2.0
Chris Paul,PG,36,PHO,3,3,29.3,4.7,9.3,.500,1.0,3.3,.300,3.7,6.0,.611,.554,3.7,4.0,.917,0.7,3.0,3.7,11.7,1.7,0.3,3.0,2.0,14.0
Cameron Payne,PG,27,PHO,2,0,16.5,2.0,7.0,.286,0.5,3.0,.167,1.5,4.0,.375,.321,2.5,4.0,.625,0.5,2.0,2.5,3.5,0.5,0.0,2.0,1.5,7.0
Elfrid Payton,PG,27,PHO,1,0,25.0,6.0,11.0,.545,0.0,1.0,.000,6.0,10.0,.600,.545,2.0,2.0,1.000,1.0,3.0,4.0,6.0,1.0,0.0,3.0,2.0,14.0
Gary Payton II,PG,29,GSW,4,0,5.5,1.3,2.0,.625,0.8,0.8,1.000,0.5,1.3,.400,.813,0.0,0.0,,0.3,0.3,0.5,0.3,0.3,0.0,0.5,0.8,3.3
Jamorko Pickett,PF,24,DET,2,0,2.5,0.0,0.0,,0.0,0.0,,0.0,0.0,,,0.0,0.0,,0.0,0.0,0.0,0.0,0.0,0.0,0.5,0.0,0.0
Mason Plumlee,C,31,CHO,4,4,29.8,3.5,6.3,.560,0.0,0.0,,3.5,6.3,.560,.560,1.0,3.8,.267,2.3,8.0,10.3,2.8,1.3,1.3,1.0,1.8,8.0
Jakob Poeltl,C,26,SAS,4,4,32.0,7.8,10.8,.721,0.0,0.0,,7.8,10.8,.721,.721,0.5,1.8,.286,6.3,4.5,10.8,3.5,1.0,1.3,2.0,3.0,16.0
Aleksej Pokusevski,PF,20,OKC,4,0,14.3,2.3,5.8,.391,0.8,3.0,.250,1.5,2.8,.545,.457,0.5,1.0,.500,0.8,3.0,3.8,1.8,1.0,0.3,1.8,1.3,5.8
Jordan Poole,SG,22,GSW,4,4,27.8,6.3,15.5,.403,1.8,7.3,.241,4.5,8.3,.545,.460,1.0,1.3,.800,0.3,2.5,2.8,4.3,1.3,0.8,3.0,2.3,15.3
Kevin Porter Jr.,SG,21,HOU,4,4,31.0,5.0,12.5,.400,2.8,7.0,.393,2.3,5.5,.409,.510,1.5,2.5,.600,0.5,3.0,3.5,6.0,1.3,0.5,6.3,3.8,14.3
Michael Porter Jr.,SF,23,DEN,4,4,31.8,4.5,13.0,.346,2.3,7.0,.321,2.3,6.0,.375,.433,0.3,0.3,1.000,1.0,4.3,5.3,2.5,1.5,0.3,1.5,3.0,11.5
Otto Porter,PF,28,GSW,4,0,17.8,1.8,4.5,.389,0.8,2.3,.333,1.0,2.3,.444,.472,0.8,1.0,.750,1.0,4.3,5.3,1.5,1.0,0.5,0.8,2.0,5.0
Kristaps Porziņģis,C,26,DAL,3,3,26.0,4.3,14.3,.302,1.3,5.7,.235,3.0,8.7,.346,.349,2.7,3.7,.727,1.7,4.3,6.0,0.7,0.7,2.0,1.7,2.0,12.7
Dwight Powell,C,30,DAL,3,3,23.3,2.3,4.3,.538,0.0,0.7,.000,2.3,3.7,.636,.538,2.7,3.7,.727,1.3,2.0,3.3,1.3,1.3,0.7,0.7,3.7,7.3
Norman Powell,SF,28,POR,2,2,24.0,4.5,8.5,.529,1.5,3.5,.429,3.0,5.0,.600,.618,4.5,5.0,.900,0.0,3.5,3.5,0.0,0.0,0.0,0.5,1.5,15.0
Joshua Primo,SG,19,SAS,2,0,3.0,1.0,1.0,1.000,0.5,0.5,1.000,0.5,0.5,1.000,1.250,0.0,0.0,,0.5,0.0,0.5,0.0,0.0,0.0,0.0,0.0,2.5
Taurean Prince,PF,27,MIN,3,0,13.3,1.0,3.3,.300,0.7,2.7,.250,0.3,0.7,.500,.400,1.7,2.3,.714,0.3,2.0,2.3,1.0,0.7,0.0,0.7,1.7,4.3
Payton Pritchard,SG,24,BOS,4,0,14.3,1.0,4.0,.250,1.0,3.3,.308,0.0,0.8,.000,.375,0.0,0.0,,1.3,1.8,3.0,2.3,0.0,0.3,0.5,1.8,3.0
Immanuel Quickley,PG,22,NYK,4,0,14.0,2.0,5.8,.348,1.3,4.0,.313,0.8,1.8,.429,.457,1.3,1.3,1.000,0.5,0.8,1.3,1.5,0.5,0.0,0.8,0.5,6.5
Julius Randle,PF,27,NYK,4,4,37.8,9.0,21.3,.424,2.3,7.3,.310,6.8,14.0,.482,.476,5.3,6.0,.875,2.3,9.0,11.3,6.5,1.0,1.8,3.5,2.8,25.5
Austin Reaves,SG,23,LAL,3,0,20.0,2.7,4.0,.667,1.3,2.7,.500,1.3,1.3,1.000,.833,0.7,0.7,1.000,0.0,0.7,0.7,1.3,0.0,0.0,0.7,1.7,7.3
Cam Reddish,SF,22,ATL,3,0,25.3,6.3,14.3,.442,3.0,5.3,.563,3.3,9.0,.370,.547,3.0,3.7,.818,1.3,3.0,4.3,0.7,1.3,0.0,1.7,1.7,18.7
Paul Reed,PF,22,PHI,3,0,5.3,0.7,1.7,.400,0.0,0.0,,0.7,1.7,.400,.400,0.0,0.0,,1.0,1.0,2.0,1.3,0.3,0.3,0.0,0.7,1.3
Naz Reid,C,22,MIN,3,0,15.3,2.3,6.7,.350,0.7,3.0,.222,1.7,3.7,.455,.400,1.0,2.0,.500,1.0,2.3,3.3,0.3,1.7,1.7,1.0,3.7,6.3
Nick Richards,C,24,CHO,3,0,5.3,1.0,1.3,.750,0.0,0.0,,1.0,1.3,.750,.750,0.3,0.3,1.000,0.3,0.7,1.0,0.0,0.0,1.0,0.3,0.3,2.3
Josh Richardson,SG,28,BOS,3,0,18.0,2.3,5.7,.412,1.7,3.7,.455,0.7,2.0,.333,.559,0.0,0.0,,0.3,1.7,2.0,1.0,0.3,0.3,1.0,1.7,6.3
Austin Rivers,SG,29,DEN,4,0,10.8,0.8,3.3,.231,0.0,1.3,.000,0.8,2.0,.375,.231,0.3,0.5,.500,0.3,0.5,0.8,0.5,0.3,0.0,0.8,0.3,1.8
Duncan Robinson,SF,27,MIA,3,3,29.3,3.7,10.0,.367,2.7,8.3,.320,1.0,1.7,.600,.500,0.7,1.0,.667,0.0,5.3,5.3,2.3,0.3,0.3,1.3,2.7,10.7
Justin Robinson,PG,24,MIL,4,0,15.8,1.3,4.5,.278,0.5,2.8,.182,0.8,1.8,.429,.333,0.5,0.5,1.000,0.0,1.0,1.0,0.5,1.3,0.0,0.8,1.3,3.5
Mitchell Robinson,C,23,NYK,4,4,31.3,3.8,4.5,.833,0.0,0.0,,3.8,4.5,.833,.833,1.0,2.8,.364,4.0,6.5,10.5,1.3,0.8,1.3,1.0,4.5,8.5
Jeremiah Robinson-Earl,PF,21,OKC,4,1,18.8,3.0,5.3,.571,1.5,2.8,.545,1.5,2.5,.600,.714,0.3,0.5,.500,1.3,3.0,4.3,0.3,0.3,0.0,1.5,1.0,7.8
Isaiah Roby,PF,23,OKC,3,1,9.0,1.7,4.3,.385,0.3,1.3,.250,1.3,3.0,.444,.423,0.0,0.0,,1.3,1.0,2.3,0.3,0.0,0.0,0.7,1.3,3.7
Rajon Rondo,PG,35,LAL,3,0,17.7,2.3,6.0,.389,1.0,2.3,.429,1.3,3.7,.364,.472,0.0,0.0,,0.3,1.7,2.0,3.7,1.0,0.0,2.7,1.7,5.7
Derrick Rose,PG,33,NYK,4,0,23.8,5.0,10.5,.476,2.8,4.8,.579,2.3,5.8,.391,.607,1.5,1.8,.857,1.3,1.8,3.0,4.0,1.3,0.5,1.5,0.5,14.3
Terrence Ross,SG,30,ORL,4,0,26.0,3.8,9.0,.417,1.8,5.0,.350,2.0,4.0,.500,.514,3.0,3.5,.857,0.3,1.0,1.3,1.5,0.5,0.0,1.5,1.3,12.3
Terry Rozier,SG,27,CHO,1,1,23.0,1.0,5.0,.200,0.0,2.0,.000,1.0,3.0,.333,.200,4.0,4.0,1.000,0.0,2.0,2.0,2.0,1.0,0.0,3.0,2.0,6.0
Ricky Rubio,PG,31,CLE,4,2,28.3,5.0,11.8,.426,2.3,5.8,.391,2.8,6.0,.458,.521,2.0,2.3,.889,0.3,3.8,4.0,9.0,1.3,0.3,3.3,3.0,14.3
D'Angelo Russell,PG,25,MIN,3,3,27.7,4.7,14.7,.318,2.3,7.7,.304,2.3,7.0,.333,.398,2.7,3.3,.800,0.3,3.7,4.0,4.0,1.0,0.7,4.0,1.3,14.3
Domantas Sabonis,PF,25,IND,4,4,40.5,9.8,15.5,.629,1.5,3.8,.400,8.3,11.8,.702,.677,3.8,5.0,.750,2.5,9.8,12.3,4.5,1.3,0.3,3.8,3.3,24.8
Tomáš Satoranský,SG,30,NOP,2,0,8.0,0.0,1.5,.000,0.0,0.5,.000,0.0,1.0,.000,.000,0.0,0.0,,0.0,1.0,1.0,1.0,0.5,0.0,1.0,0.5,0.0
Dennis Schröder,SG,28,BOS,4,2,31.0,4.8,12.0,.396,1.5,4.8,.316,3.3,7.3,.448,.458,3.3,4.0,.813,0.8,3.8,4.5,6.3,1.0,0.3,2.8,3.0,14.3
Jay Scrubb,SG,21,LAC,1,0,9.0,2.0,6.0,.333,1.0,2.0,.500,1.0,4.0,.250,.417,1.0,2.0,.500,0.0,1.0,1.0,0.0,0.0,0.0,0.0,3.0,6.0
Wayne Selden,SG,27,NYK,1,0,1.0,0.0,0.0,,0.0,0.0,,0.0,0.0,,,0.0,0.0,,0.0,0.0,0.0,0.0,0.0,0.0,0.0,0.0,0.0
Alperen Şengün,PF,19,HOU,4,0,17.5,2.0,4.5,.444,0.3,1.3,.200,1.8,3.3,.538,.472,3.0,4.0,.750,1.0,2.8,3.8,2.3,2.3,0.8,2.8,3.5,7.3
Collin Sexton,SG,23,CLE,4,4,29.0,7.3,14.8,.492,1.8,5.0,.350,5.5,9.8,.564,.551,2.8,4.0,.688,0.5,1.8,2.3,2.3,0.5,0.0,2.0,3.8,19.0
Landry Shamet,SG,24,PHO,3,0,17.0,2.3,4.3,.538,1.7,3.0,.556,0.7,1.3,.500,.731,0.0,0.0,,0.3,2.0,2.3,0.7,0.0,0.0,0.7,2.3,6.3
Day'Ron Sharpe,PF,20,BRK,2,0,3.0,0.5,1.0,.500,0.0,0.5,.000,0.5,0.5,1.000,.500,0.0,0.0,,0.0,0.0,0.0,0.0,0.0,0.0,0.0,0.0,1.0
Anfernee Simons,SG,22,POR,3,0,20.7,5.7,11.0,.515,2.0,5.3,.375,3.7,5.7,.647,.606,0.3,0.3,1.000,0.7,2.3,3.0,2.0,0.0,0.0,1.0,1.0,13.7
Jericho Sims,PF,23,NYK,2,0,8.5,0.5,0.5,1.000,0.0,0.0,,0.5,0.5,1.000,1.000,0.5,1.0,.500,0.0,2.5,2.5,0.0,0.5,0.0,0.0,0.5,1.5
Marcus Smart,PG,27,BOS,4,4,37.3,2.8,10.0,.275,1.8,7.3,.241,1.0,2.8,.364,.363,0.3,0.3,1.000,0.0,4.5,4.5,5.3,2.5,0.5,2.3,2.5,7.5
Dennis Smith Jr.,PG,24,POR,2,0,18.0,2.0,4.0,.500,0.0,0.0,,2.0,4.0,.500,.500,0.5,1.0,.500,0.5,1.5,2.0,4.0,2.0,0.5,2.0,0.0,4.5
Ish Smith,PG,33,CHO,4,0,21.0,4.8,11.3,.422,0.3,0.3,1.000,4.5,11.0,.409,.433,0.5,1.5,.333,0.3,1.8,2.0,5.3,0.8,0.5,0.5,0.8,10.3
Jalen Smith,PF,21,PHO,1,0,10.0,2.0,3.0,.667,0.0,0.0,,2.0,3.0,.667,.667,1.0,1.0,1.000,0.0,1.0,1.0,0.0,0.0,0.0,0.0,2.0,5.0
Jaden Springer,SG,19,PHI,1,0,2.0,0.0,0.0,,0.0,0.0,,0.0,0.0,,,0.0,0.0,,0.0,0.0,0.0,0.0,0.0,0.0,0.0,0.0,0.0
Lamar Stevens,PF,24,CLE,2,0,2.0,0.0,1.0,.000,0.0,0.5,.000,0.0,0.5,.000,.000,0.0,0.0,,0.0,0.0,0.0,0.0,0.0,0.0,0.0,0.0,0.0
Isaiah Stewart,C,20,DET,3,3,26.3,5.0,8.3,.600,0.0,0.3,.000,5.0,8.0,.625,.600,0.3,0.3,1.000,2.7,6.3,9.0,1.7,0.3,1.3,1.7,1.7,10.3
Max Strus,SF,25,MIA,3,0,18.0,2.0,4.7,.429,1.0,3.3,.300,1.0,1.3,.750,.536,0.0,0.3,.000,0.3,2.0,2.3,0.7,0.0,0.3,0.0,1.3,5.0
Jalen Suggs,PG,20,ORL,4,4,28.5,3.8,13.0,.288,1.5,5.8,.261,2.3,7.3,.310,.346,3.5,4.0,.875,1.0,2.3,3.3,3.5,1.3,0.0,3.5,3.3,12.5
Jae'Sean Tate,SF,26,HOU,4,4,27.8,3.5,7.5,.467,0.5,1.5,.333,3.0,6.0,.500,.500,1.5,1.5,1.000,1.8,5.3,7.0,3.0,0.8,0.3,2.0,3.5,9.0
Jayson Tatum,SF,23,BOS,4,4,38.3,10.3,24.0,.427,3.5,10.5,.333,6.8,13.5,.500,.500,3.5,4.3,.824,1.3,7.0,8.3,4.5,0.5,1.3,2.8,3.0,27.5
Garrett Temple,SG,35,NOP,4,0,14.3,1.0,2.8,.364,0.8,1.8,.429,0.3,1.0,.250,.500,0.5,0.8,.667,1.0,2.0,3.0,0.5,0.3,0.8,0.5,1.0,3.3
Daniel Theis,C,29,HOU,4,4,22.5,3.3,6.5,.500,1.0,2.5,.400,2.3,4.0,.563,.577,1.3,1.5,.833,1.5,4.3,5.8,0.8,0.0,0.5,0.5,2.5,8.8
Cameron Thomas,SG,20,BRK,3,0,3.0,0.0,1.7,.000,0.0,0.7,.000,0.0,1.0,.000,.000,0.7,0.7,1.000,0.0,0.3,0.3,0.0,0.0,0.0,0.3,0.0,0.7
Matt Thomas,SG,27,CHI,1,0,2.0,0.0,1.0,.000,0.0,0.0,,0.0,1.0,.000,.000,0.0,0.0,,0.0,0.0,0.0,0.0,0.0,0.0,0.0,0.0,0.0
Tristan Thompson,PF,30,SAC,3,0,13.0,2.0,3.7,.545,0.0,0.0,,2.0,3.7,.545,.545,0.0,0.0,,1.3,3.3,4.7,0.0,0.0,0.0,0.7,1.3,4.0
JT Thor,PF,19,CHO,2,0,1.0,0.0,0.0,,0.0,0.0,,0.0,0.0,,,0.0,0.0,,0.0,0.0,0.0,0.0,0.0,0.0,0.0,0.0,0.0
Matisse Thybulle,SG,24,PHI,4,0,22.5,1.8,3.8,.467,0.3,1.5,.167,1.5,2.3,.667,.500,0.0,0.0,,0.3,2.0,2.3,1.0,1.8,1.5,1.0,1.3,3.8
Xavier Tillman Sr.,PF,23,MEM,1,0,22.0,3.0,7.0,.429,0.0,3.0,.000,3.0,4.0,.750,.429,1.0,2.0,.500,3.0,4.0,7.0,1.0,3.0,0.0,0.0,0.0,7.0
Isaiah Todd,PF,20,WAS,1,0,5.0,1.0,2.0,.500,1.0,2.0,.500,0.0,0.0,,.750,1.0,2.0,.500,0.0,1.0,1.0,0.0,1.0,0.0,0.0,0.0,4.0
Obi Toppin,PF,23,NYK,4,0,19.0,4.0,7.0,.571,0.5,2.8,.182,3.5,4.3,.824,.607,1.0,2.3,.444,1.3,2.0,3.3,1.3,1.0,0.8,0.8,2.0,9.5
Juan Toscano-Anderson,SF,28,GSW,4,0,12.8,1.3,2.8,.455,1.0,2.0,.500,0.3,0.8,.333,.636,0.8,1.0,.750,0.5,1.3,1.8,1.3,0.5,0.3,0.5,1.5,4.3
Karl-Anthony Towns,C,26,MIN,3,3,32.7,10.3,19.7,.525,3.3,6.7,.500,7.0,13.0,.538,.610,5.0,5.0,1.000,4.0,5.3,9.3,3.7,1.3,2.3,3.7,4.0,29.0
Gary Trent Jr.,SG,23,TOR,4,3,32.5,4.8,12.8,.373,2.3,6.0,.375,2.5,6.8,.370,.461,2.3,2.5,.900,0.8,2.8,3.5,0.8,2.3,0.3,0.8,2.3,14.0
P.J. Tucker,PF,36,MIA,3,3,26.3,1.0,3.7,.273,0.7,2.7,.250,0.3,1.0,.333,.364,0.0,0.0,,0.3,4.3,4.7,1.3,0.3,0.0,0.3,2.3,2.7
Myles Turner,C,25,IND,4,4,25.0,5.5,9.8,.564,1.8,4.8,.368,3.8,5.0,.750,.654,1.8,3.0,.583,2.0,4.3,6.3,0.5,0.3,2.5,2.5,3.8,14.5
Jonas Valančiūnas,C,29,NOP,4,4,34.5,6.0,14.5,.414,0.3,0.8,.333,5.8,13.8,.418,.422,5.0,5.0,1.000,4.5,10.5,15.0,2.8,0.8,1.3,0.8,4.0,17.3
Denzel Valentine,SG,28,CLE,2,0,2.0,0.0,0.0,,0.0,0.0,,0.0,0.0,,,0.0,0.0,,0.0,0.0,0.0,0.0,0.5,0.0,0.0,0.0,0.0
Jarred Vanderbilt,PF,22,MIN,3,0,12.0,0.7,1.0,.667,0.0,0.0,,0.7,1.0,.667,.667,0.7,0.7,1.000,0.7,3.0,3.7,0.7,1.7,0.0,0.7,1.7,2.0
Fred VanVleet,SG,27,TOR,4,4,38.3,5.5,15.0,.367,1.5,6.8,.222,4.0,8.3,.485,.417,2.0,2.8,.727,1.3,3.3,4.5,8.8,2.0,0.5,4.5,2.3,14.5
Devin Vassell,SF,21,SAS,4,0,25.0,4.8,10.3,.463,2.3,5.0,.450,2.5,5.3,.476,.573,0.3,1.0,.250,1.3,2.8,4.0,2.0,1.8,0.0,0.5,2.3,12.0
Gabe Vincent,PG,25,MIA,3,1,13.0,1.3,2.0,.667,0.3,1.0,.333,1.0,1.0,1.000,.750,0.0,0.0,,0.7,1.0,1.7,2.0,0.0,0.0,1.3,2.0,3.0
Nikola Vučević,C,31,CHI,4,4,33.5,6.3,15.8,.397,0.8,3.5,.214,5.5,12.3,.449,.421,1.0,1.5,.667,2.3,9.3,11.5,3.5,2.3,1.3,2.5,2.0,14.3
Dean Wade,PF,25,CLE,2,0,3.5,0.5,1.5,.333,0.5,1.5,.333,0.0,0.0,,.500,0.0,0.0,,0.0,1.0,1.0,0.0,0.5,0.0,0.0,0.0,1.5
Franz Wagner,SF,20,ORL,4,4,33.0,5.5,11.3,.489,1.8,5.0,.350,3.8,6.3,.600,.567,0.5,1.0,.500,1.0,3.3,4.3,2.0,1.0,0.8,1.0,2.0,13.3
Moritz Wagner,C,24,ORL,4,0,13.5,2.0,5.8,.348,1.0,4.0,.250,1.0,1.8,.571,.435,1.0,1.5,.667,0.8,2.8,3.5,0.8,0.0,0.3,1.3,2.5,6.0
Kemba Walker,PG,31,NYK,4,4,26.3,4.5,9.8,.462,3.3,6.3,.520,1.3,3.5,.357,.628,0.3,0.5,.500,0.0,2.8,2.8,3.0,1.0,0.5,1.5,1.8,12.5
Lonnie Walker,SG,23,SAS,4,0,25.5,5.5,12.0,.458,2.5,6.5,.385,3.0,5.5,.545,.563,1.8,2.0,.875,0.0,3.5,3.5,3.3,0.8,0.3,1.0,1.8,15.3
Brad Wanamaker,PG,32,IND,1,0,2.0,0.0,1.0,.000,0.0,0.0,,0.0,1.0,.000,.000,0.0,0.0,,0.0,0.0,0.0,1.0,0.0,0.0,1.0,0.0,0.0
P.J. Washington,PF,23,CHO,3,0,23.3,2.0,7.0,.286,0.7,3.3,.200,1.3,3.7,.364,.333,1.3,1.3,1.000,1.7,3.7,5.3,2.3,0.7,0.3,1.0,1.3,6.0
Russell Westbrook,PG,33,LAL,4,4,36.5,7.5,17.5,.429,0.5,3.8,.133,7.0,13.8,.509,.443,1.8,4.0,.438,1.0,7.3,8.3,8.5,2.3,0.3,5.0,4.3,17.3
Derrick White,SG,27,SAS,4,4,32.5,5.0,11.5,.435,1.8,5.5,.318,3.3,6.0,.542,.511,1.5,2.0,.750,0.0,3.3,3.3,6.5,2.0,1.0,1.8,2.3,13.3
Hassan Whiteside,C,32,UTA,3,0,16.3,3.0,4.7,.643,0.0,0.0,,3.0,4.7,.643,.643,2.0,2.0,1.000,2.0,5.7,7.7,0.3,0.3,1.3,0.7,3.7,8.0
Andrew Wiggins,PF,26,GSW,4,4,29.5,6.5,13.8,.473,1.8,5.3,.333,4.8,8.5,.559,.536,2.0,2.8,.727,1.8,3.5,5.3,2.0,1.3,0.5,1.5,1.3,16.8
Grant Williams,PF,23,BOS,4,1,24.3,4.3,6.5,.654,2.5,4.3,.588,1.8,2.3,.778,.846,0.8,1.0,.750,0.3,2.3,2.5,2.3,0.5,0.8,0.8,2.5,11.8
Kenrich Williams,PF,27,OKC,4,0,21.0,3.5,6.8,.519,1.3,2.3,.556,2.3,4.5,.500,.611,0.8,1.0,.750,0.8,2.0,2.8,2.0,0.3,0.3,1.3,2.5,9.0
Lou Williams,PG,35,ATL,1,0,17.0,3.0,6.0,.500,1.0,2.0,.500,2.0,4.0,.500,.583,2.0,2.0,1.000,0.0,2.0,2.0,2.0,1.0,1.0,1.0,0.0,9.0
Patrick Williams,PF,20,CHI,4,4,27.0,2.8,4.5,.611,0.8,1.3,.600,2.0,3.3,.615,.694,0.5,0.5,1.000,0.3,2.0,2.3,0.8,0.5,0.5,0.5,2.0,6.8
Robert Williams,C,24,BOS,4,4,34.3,3.8,5.3,.714,0.0,0.0,,3.8,5.3,.714,.714,2.3,3.3,.692,3.0,5.8,8.8,2.0,1.3,3.0,1.0,1.8,9.8
Ziaire Williams,SF,20,MEM,3,0,17.0,1.3,4.0,.333,1.3,3.0,.444,0.0,1.0,.000,.500,0.0,0.0,,0.3,1.3,1.7,1.0,0.7,0.0,1.3,1.0,4.0
Dylan Windler,SF,25,CLE,1,0,2.0,0.0,0.0,,0.0,0.0,,0.0,0.0,,,0.0,0.0,,0.0,0.0,0.0,0.0,0.0,0.0,0.0,0.0,0.0
Justise Winslow,SF,25,LAC,2,0,17.5,2.5,6.5,.385,0.0,0.5,.000,2.5,6.0,.417,.385,0.0,0.0,,1.0,3.5,4.5,2.5,1.5,1.0,2.0,2.0,5.0
Christian Wood,C,26,HOU,4,4,34.3,7.5,16.0,.469,2.5,5.5,.455,5.0,10.5,.476,.547,3.3,4.8,.684,2.8,9.5,12.3,2.0,0.5,1.0,1.3,2.5,20.8
Delon Wright,SG,29,ATL,3,0,15.3,1.0,3.7,.273,0.0,1.3,.000,1.0,2.3,.429,.273,0.0,0.0,,1.0,3.0,4.0,2.3,0.3,0.0,0.3,0.3,2.0
McKinley Wright IV,PG,23,MIN,1,0,4.0,1.0,1.0,1.000,1.0,1.0,1.000,0.0,0.0,,1.500,0.0,0.0,,0.0,0.0,0.0,0.0,0.0,0.0,1.0,0.0,3.0
Thaddeus Young,PF,33,SAS,2,0,6.0,0.5,1.5,.333,0.0,0.0,,0.5,1.5,.333,.333,0.0,0.0,,0.5,0.0,0.5,0.5,0.0,0.0,1.0,1.0,1.0
Trae Young,PG,23,ATL,3,3,33.3,9.0,19.7,.458,1.7,5.3,.313,7.3,14.3,.512,.500,5.3,5.3,1.000,0.0,2.3,2.3,10.0,1.3,0.0,3.0,1.0,25.0
Omer Yurtseven,C,23,MIA,2,0,5.0,2.0,3.0,.667,0.0,0.0,,2.0,3.0,.667,.667,0.0,0.5,.000,0.0,1.5,1.5,0.0,0.0,0.0,0.0,0.0,4.0
Cody Zeller,C,29,POR,3,0,15.0,2.0,3.0,.667,0.0,0.0,,2.0,3.0,.667,.667,2.0,3.3,.600,0.7,3.7,4.3,0.7,0.7,0.3,0.3,2.0,6.0
Ivica Zubac,C,24,LAC,3,3,20.7,4.0,6.7,.600,0.0,0.0,,4.0,6.7,.600,.600,2.0,3.3,.600,1.7,4.7,6.3,3.0,0.7,0.0,0.3,1.3,10.0
